k,eps,Option1,Option2,D_0,Lambdamin,Lambdamax,Increasing,RBDeval,ETol,ps,Elapsed Time
1.02,0.005,1,2,0.7,1.00546875,1.00625,1,-9.85E-05,0.001,0.1,13.0761499
1.02,0.01,1,2,0.7,1.00546875,1.00625,1,-0.000196518,0.001,0.1,10.6363752
1.02,0.03,1,2,0.7,1.0046875,1.00546875,1,0.000208519,0.001,0.1,10.208785
1.02,0.05,1,2,0.7,1.0046875,1.00546875,1,-0.000183363,0.001,0.1,10.2189724
1.02,0.075,1,2,0.7,1.00390625,1.0046875,1,0.000125979,0.001,0.1,10.3710014
1.02,0.1,1,2,0.7,1.00390625,1.0046875,1,-0.000363113,0.001,0.1,10.523651
1.02,0.15,1,2,0.7,1.00234375,1.003125,1,0.000257073,0.001,0.1,10.3517485
1.02,0.2,1,2,0.7,1.0015625,1.00234375,1,7.73E-05,0.001,0.1,10.3832886
1.02,0.25,1,2,0.7,1.00078125,1.0015625,1,-9.49E-05,0.001,0.1,10.9994589
1.02,0.3,1,2,0.7,1,1.00078125,1,-0.000273142,0.001,0.1,11.9047335
1.02,0.35,1,2,0.7,0.9984375,0.99921875,1,0.000356105,0.001,0.1,10.1502591
1.02,0.4,1,2,0.7,0.99765625,0.9984375,1,0.000191513,0.001,0.1,10.8577064
1.02,0.45,1,2,0.7,0.996875,0.99765625,1,1.63E-05,0.001,0.1,10.1465653
1.02,0.5,1,2,0.7,0.99609375,0.996875,1,-0.000143789,0.001,0.1,10.0276032
1.02,0.55,1,2,0.7,0.9953125,0.99609375,1,-0.000317543,0.001,0.1,10.1225842
1.02,0.6,1,2,0.7,0.99375,0.99453125,1,0.000323797,0.001,0.1,10.2780832
1.02,0.65,1,2,0.7,0.99296875,0.99375,1,0.000171333,0.001,0.1,10.2469284
1.02,0.7,1,2,0.7,0.9921875,0.99296875,1,5.90E-07,0.001,0.1,10.3751997
1.02,0.75,1,2,0.7,0.99140625,0.9921875,1,-0.000147324,0.001,0.1,10.0128329
1.02,0.8,1,2,0.7,0.990625,0.99140625,1,-0.000316562,0.001,0.1,10.5811301
1.02,0.85,1,2,0.7,0.9890625,0.98984375,1,0.00033687,0.001,0.1,10.8940763
1.02,0.9,1,2,0.7,0.98828125,0.9890625,1,0.000196535,0.001,0.1,10.5719882
1.02,0.95,1,2,0.7,0.9875,0.98828125,1,3.03E-05,0.001,0.1,10.5257295
1.02,1,1,2,0.7,0.98671875,0.9875,1,-0.000105476,0.001,0.1,10.8321604
1.04,0.005,1,2,0.7,1.0109375,1.01171875,1,-7.07E-05,0.001,0.1,11.1410527
1.04,0.01,1,2,0.7,1.0109375,1.01171875,1,-0.000264141,0.001,0.1,11.0897742
1.04,0.03,1,2,0.7,1.01015625,1.0109375,1,-0.000223401,0.001,0.1,11.2106646
1.04,0.05,1,2,0.7,1.009375,1.01015625,1,-0.000183274,0.001,0.1,11.0855234
1.04,0.075,1,2,0.7,1.00859375,1.009375,1,-0.000331816,0.001,0.1,16.070806
1.04,0.1,1,2,0.7,1.00703125,1.0078125,1,0.000335236,0.001,0.1,19.3606624
1.04,0.15,1,2,0.7,1.00546875,1.00625,1,4.40E-05,0.001,0.1,20.461796
1.04,0.2,1,2,0.7,1.00390625,1.0046875,1,-0.00024131,0.001,0.1,18.3259804
1.04,0.25,1,2,0.7,1.0015625,1.00234375,1,0.000291812,0.001,0.1,18.562338
1.04,0.3,1,2,0.7,1,1.00078125,1,1.83E-05,0.001,0.1,18.7309456
1.04,0.35,1,2,0.7,0.9984375,0.99921875,1,-0.000249359,0.001,0.1,17.6710569
1.04,0.4,1,2,0.7,0.99609375,0.996875,1,0.000325266,0.001,0.1,17.8012496
1.04,0.45,1,2,0.7,0.99453125,0.9953125,1,7.24E-05,0.001,0.1,17.5423298
1.04,0.5,1,2,0.7,0.99296875,0.99375,1,-0.000174551,0.001,0.1,17.8922715
1.04,0.55,1,2,0.7,0.990625,0.99140625,1,0.000396766,0.001,0.1,18.8221452
1.04,0.6,1,2,0.7,0.9890625,0.98984375,1,0.000161595,0.001,0.1,17.6899995
1.04,0.65,1,2,0.7,0.9875,0.98828125,1,-6.77E-05,0.001,0.1,17.8912159
1.04,0.7,1,2,0.7,0.9859375,0.98671875,1,-0.000291028,0.001,0.1,20.3419798
1.04,0.75,1,2,0.7,0.98359375,0.984375,1,0.000348593,0.001,0.1,12.8834535
1.04,0.8,1,2,0.7,0.98203125,0.9828125,1,0.00014001,0.001,0.1,15.4015009
1.04,0.85,1,2,0.7,0.98046875,0.98125,1,-6.27E-05,0.001,0.1,11.9368697
1.04,0.9,1,2,0.7,0.97890625,0.9796875,1,-0.000259436,0.001,0.1,11.2152279
1.04,0.95,1,2,0.7,0.9765625,0.97734375,1,0.000361847,0.001,0.1,11.3720134
1.04,1,1,2,0.7,0.975,0.97578125,1,0.000176865,0.001,0.1,11.4685439
1.06,0.005,1,2,0.7,1.01640625,1.0171875,1,-0.00030683,0.001,0.1,12.0947001
1.06,0.01,1,2,0.7,1.015625,1.01640625,1,0.000235545,0.001,0.1,11.8037989
1.06,0.03,1,2,0.7,1.01484375,1.015625,1,-7.79E-05,0.001,0.1,12.561491
1.06,0.05,1,2,0.7,1.0140625,1.01484375,1,-0.00039226,0.001,0.1,11.7668696
1.06,0.075,1,2,0.7,1.0125,1.01328125,1,-0.000157319,0.001,0.1,13.0427518
1.06,0.1,1,2,0.7,1.0109375,1.01171875,1,8.19E-05,0.001,0.1,18.4950624
1.06,0.15,1,2,0.7,1.00859375,1.009375,1,-0.000254979,0.001,0.1,19.6740275
1.06,0.2,1,2,0.7,1.00546875,1.00625,1,0.000253753,0.001,0.1,11.6563765
1.06,0.25,1,2,0.7,1.003125,1.00390625,1,-7.05E-05,0.001,0.1,11.549439
1.06,0.3,1,2,0.7,1.00078125,1.0015625,1,-0.000359759,0.001,0.1,12.2999939
1.06,0.35,1,2,0.7,0.99765625,0.9984375,1,0.000196425,0.001,0.1,10.5456527
1.06,0.4,1,2,0.7,0.9953125,0.99609375,1,-9.34E-05,0.001,0.1,10.6982656
1.06,0.45,1,2,0.7,0.99296875,0.99375,1,-0.000334999,0.001,0.1,11.0072537
1.06,0.5,1,2,0.7,0.98984375,0.990625,1,0.000268649,0.001,0.1,12.4517721
1.06,0.55,1,2,0.7,0.9875,0.98828125,1,1.33E-05,0.001,0.1,11.1220407
1.06,0.6,1,2,0.7,0.98515625,0.9859375,1,-0.000180671,0.001,0.1,12.027153
1.06,0.65,1,2,0.7,0.9828125,0.98359375,1,-0.000414473,0.001,0.1,11.0399707
1.06,0.7,1,2,0.7,0.9796875,0.98046875,1,0.000249565,0.001,0.1,11.3961505
1.06,0.75,1,2,0.7,0.97734375,0.978125,1,0.000103255,0.001,0.1,11.1633831
1.06,0.8,1,2,0.7,0.975,0.97578125,1,-9.61E-05,0.001,0.1,11.4720244
1.06,0.85,1,2,0.7,0.97265625,0.9734375,1,-0.000212042,0.001,0.1,11.2871838
1.06,0.9,1,2,0.7,0.9703125,0.97109375,1,-0.000389831,0.001,0.1,11.7255341
1.06,0.95,1,2,0.7,0.9671875,0.96796875,1,0.000351938,0.001,0.1,11.5630574
1.06,1,1,2,0.7,0.96484375,0.965625,1,0.000283661,0.001,0.1,10.7301371
1.08,0.005,1,2,0.7,1.02109375,1.021875,1,3.72E-05,0.001,0.1,11.6476741
1.08,0.01,1,2,0.7,1.02109375,1.021875,1,-0.000339231,0.001,0.1,11.3955022
1.08,0.03,1,2,0.7,1.01953125,1.0203125,1,-0.000152821,0.001,0.1,11.2631475
1.08,0.05,1,2,0.7,1.01796875,1.01875,1,3.81E-05,0.001,0.1,11.5507737
1.08,0.075,1,2,0.7,1.01640625,1.0171875,1,-0.000141304,0.001,0.1,11.4477845
1.08,0.1,1,2,0.7,1.01484375,1.015625,1,-0.000315057,0.001,0.1,11.0444516
1.08,0.15,1,2,0.7,1.0109375,1.01171875,1,0.000198445,0.001,0.1,11.2202473
1.08,0.2,1,2,0.7,1.0078125,1.00859375,1,-0.000109786,0.001,0.1,11.4233382
1.08,0.25,1,2,0.7,1.0046875,1.00546875,1,-0.000395508,0.001,0.1,12.1800191
1.08,0.3,1,2,0.7,1.00078125,1.0015625,1,0.00021966,0.001,0.1,12.7080955
1.08,0.35,1,2,0.7,0.99765625,0.9984375,1,-1.54E-05,0.001,0.1,10.942448
1.08,0.4,1,2,0.7,0.99453125,0.9953125,1,-0.000227911,0.001,0.1,13.0579829
1.08,0.45,1,2,0.7,0.99140625,0.9921875,1,-0.00041792,0.001,0.1,11.9234027
1.08,0.5,1,2,0.7,0.9875,0.98828125,1,0.000257977,0.001,0.1,10.6243815
1.08,0.55,1,2,0.7,0.984375,0.98515625,1,0.000112907,0.001,0.1,11.0156982
1.08,0.6,1,2,0.7,0.98125,0.98203125,1,-9.64E-06,0.001,0.1,11.253359
1.08,0.65,1,2,0.7,0.978125,0.97890625,1,-0.000109657,0.001,0.1,10.8765048
1.08,0.7,1,2,0.7,0.975,0.97578125,1,-0.000187146,0.001,0.1,10.8983422
1.08,0.75,1,2,0.7,0.971875,0.97265625,1,-0.000242102,0.001,0.1,11.6212874
1.08,0.8,1,2,0.7,0.96875,0.96953125,1,-0.000274523,0.001,0.1,11.1838357
1.08,0.85,1,2,0.7,0.965625,0.96640625,1,-0.000284407,0.001,0.1,10.8929928
1.08,0.9,1,2,0.7,0.9625,0.96328125,1,-0.000271751,0.001,0.1,11.3776611
1.08,0.95,1,2,0.7,0.959375,0.96015625,1,-0.000236553,0.001,0.1,11.3436184
1.08,1,1,2,0.7,0.95625,0.95703125,1,-0.00017881,0.001,0.1,11.6685515
1.1,0.005,1,2,0.7,1.02578125,1.0265625,1,0.000148909,0.001,0.1,21.2933219
1.1,0.01,1,2,0.7,1.02578125,1.0265625,1,-0.000315677,0.001,0.1,15.5936821
1.1,0.03,1,2,0.7,1.0234375,1.02421875,1,0.000411399,0.001,0.1,12.5406822
1.1,0.05,1,2,0.7,1.021875,1.02265625,1,0.000283533,0.001,0.1,13.0375595
1.1,0.075,1,2,0.7,1.0203125,1.02109375,1,-0.000301337,0.001,0.1,11.5524735
1.1,0.1,1,2,0.7,1.01796875,1.01875,1,-5.02E-06,0.001,0.1,11.2823871
1.1,0.15,1,2,0.7,1.0140625,1.01484375,1,-0.000273372,0.001,0.1,11.5359771
1.1,0.2,1,2,0.7,1.009375,1.01015625,1,0.000373664,0.001,0.1,14.208078
1.1,0.25,1,2,0.7,1.00546875,1.00625,1,0.000202168,0.001,0.1,11.776101
1.1,0.3,1,2,0.7,1.0015625,1.00234375,1,2.96E-05,0.001,0.1,12.7253295
1.1,0.35,1,2,0.7,0.99765625,0.9984375,1,-6.60E-05,0.001,0.1,11.4595883
1.1,0.4,1,2,0.7,0.99375,0.99453125,1,-0.000176902,0.001,0.1,11.579894
1.1,0.45,1,2,0.7,0.98984375,0.990625,1,-0.000196745,0.001,0.1,12.7896658
1.1,0.5,1,2,0.7,0.9859375,0.98671875,1,-0.000245923,0.001,0.1,11.6999189
1.1,0.55,1,2,0.7,0.98203125,0.9828125,1,-0.000189904,0.001,0.1,12.0221016
1.1,0.6,1,2,0.7,0.978125,0.97890625,1,-0.000177377,0.001,0.1,11.9379623
1.1,0.65,1,2,0.7,0.97421875,0.975,1,-4.55E-05,0.001,0.1,12.2520587
1.1,0.7,1,2,0.7,0.9703125,0.97109375,1,2.88E-05,0.001,0.1,12.1256211
1.1,0.75,1,2,0.7,0.96640625,0.9671875,1,0.000236608,0.001,0.1,11.680802
1.1,0.8,1,2,0.7,0.9625,0.96328125,1,0.000372614,0.001,0.1,12.2109037
1.1,0.85,1,2,0.7,0.959375,0.96015625,1,-0.00032183,0.001,0.1,12.3504189
1.1,0.9,1,2,0.7,0.95546875,0.95625,1,-3.49E-06,0.001,0.1,11.6980023
1.1,0.95,1,2,0.7,0.9515625,0.95234375,1,0.000221793,0.001,0.1,12.7248678
1.1,1,1,2,0.7,0.9484375,0.94921875,1,-0.000382926,0.001,0.1,17.0570466
1.12,0.005,1,2,0.7,1.03046875,1.03125,1,2.83E-05,0.001,0.1,13.0415977
1.12,0.01,1,2,0.7,1.0296875,1.03046875,1,0.000354133,0.001,0.1,13.371216
1.12,0.03,1,2,0.7,1.028125,1.02890625,1,-9.07E-05,0.001,0.1,12.7064715
1.12,0.05,1,2,0.7,1.02578125,1.0265625,1,0.000355671,0.001,0.1,12.5475515
1.12,0.075,1,2,0.7,1.0234375,1.02421875,1,0.000255885,0.001,0.1,12.2184884
1.12,0.1,1,2,0.7,1.02109375,1.021875,1,0.000180708,0.001,0.1,12.2991283
1.12,0.15,1,2,0.7,1.01640625,1.0171875,1,5.41E-05,0.001,0.1,13.6195332
1.12,0.2,1,2,0.7,1.01171875,1.0125,1,-2.42E-05,0.001,0.1,13.1653518
1.12,0.25,1,2,0.7,1.00703125,1.0078125,1,-5.41E-05,0.001,0.1,13.8399782
1.12,0.3,1,2,0.7,1.00234375,1.003125,1,-3.57E-05,0.001,0.1,12.2400797
1.12,0.35,1,2,0.7,0.99765625,0.9984375,1,3.12E-05,0.001,0.1,11.3587356
1.12,0.4,1,2,0.7,0.99296875,0.99375,1,0.000146413,0.001,0.1,11.3823861
1.12,0.45,1,2,0.7,0.98828125,0.9890625,1,0.000310052,0.001,0.1,12.3790723
1.12,0.5,1,2,0.7,0.984375,0.98515625,1,-0.00043575,0.001,0.1,16.2195814
1.12,0.55,1,2,0.7,0.9796875,0.98046875,1,-0.00018341,0.001,0.1,17.9092672
1.12,0.6,1,2,0.7,0.975,0.97578125,1,0.000117371,0.001,0.1,12.3435097
1.12,0.65,1,2,0.7,0.97109375,0.971875,1,-0.000407056,0.001,0.1,11.3156607
1.12,0.7,1,2,0.7,0.96640625,0.9671875,1,-9.15E-06,0.001,0.1,12.0739781
1.12,0.75,1,2,0.7,0.96171875,0.9625,1,0.000437243,0.001,0.1,12.3830687
1.12,0.8,1,2,0.7,0.9578125,0.95859375,1,-7.47E-05,0.001,0.1,14.8248118
1.12,0.85,1,2,0.7,0.95390625,0.9546875,1,-0.000412295,0.001,0.1,19.3899838
1.12,0.9,1,2,0.7,0.94921875,0.95,1,0.000171639,0.001,0.1,32.6576632
1.12,0.95,1,2,0.7,0.9453125,0.94609375,1,-0.000227202,0.001,0.1,16.2014084
1.12,1,1,2,0.7,0.94140625,0.9421875,1,-0.000426617,0.001,0.1,12.2968258
1.14,0.005,1,2,0.7,1.03515625,1.0359375,1,-0.000324524,0.001,0.1,11.9399448
1.14,0.01,1,2,0.7,1.034375,1.03515625,1,-6.67E-05,0.001,0.1,12.4411218
1.14,0.03,1,2,0.7,1.03203125,1.0328125,1,8.30E-05,0.001,0.1,13.3997163
1.14,0.05,1,2,0.7,1.0296875,1.03046875,1,0.000237953,0.001,0.1,23.5902814
1.14,0.075,1,2,0.7,1.02734375,1.028125,1,-0.000216658,0.001,0.1,21.4042133
1.14,0.1,1,2,0.7,1.02421875,1.025,1,0.000239457,0.001,0.1,20.295374
1.14,0.15,1,2,0.7,1.01875,1.01953125,1,0.00028612,0.001,0.1,19.8547046
1.14,0.2,1,2,0.7,1.01328125,1.0140625,1,0.000425892,0.001,0.1,19.494628
1.14,0.25,1,2,0.7,1.00859375,1.009375,1,-0.000299502,0.001,0.1,16.9158924
1.14,0.3,1,2,0.7,1.003125,1.00390625,1,-7.86E-05,0.001,0.1,12.0435912
1.14,0.35,1,2,0.7,0.99765625,0.9984375,1,0.000264228,0.001,0.1,11.8424036
1.14,0.4,1,2,0.7,0.99296875,0.99375,1,-0.00028594,0.001,0.1,12.2152568
1.14,0.45,1,2,0.7,0.9875,0.98828125,1,0.00010935,0.001,0.1,11.2817632
1.14,0.5,1,2,0.7,0.9828125,0.98359375,1,-0.000330225,0.001,0.1,11.6151088
1.14,0.55,1,2,0.7,0.97734375,0.978125,1,0.000280641,0.001,0.1,12.0368431
1.14,0.6,1,2,0.7,0.97265625,0.9734375,1,-3.87E-05,0.001,0.1,11.8324306
1.14,0.65,1,2,0.7,0.96796875,0.96875,1,-0.00030251,0.001,0.1,12.3069219
1.14,0.7,1,2,0.7,0.9625,0.96328125,1,0.000377798,0.001,0.1,12.7391716
1.14,0.75,1,2,0.7,0.9578125,0.95859375,1,0.000224716,0.001,0.1,18.1609114
1.14,0.8,1,2,0.7,0.953125,0.95390625,1,0.000127168,0.001,0.1,12.0128112
1.14,0.85,1,2,0.7,0.9484375,0.94921875,1,8.52E-05,0.001,0.1,14.2295838
1.14,0.9,1,2,0.7,0.94375,0.94453125,1,9.87E-05,0.001,0.1,13.0240887
1.14,0.95,1,2,0.7,0.9390625,0.93984375,1,0.000167865,0.001,0.1,12.6829145
1.14,1,1,2,0.7,0.934375,0.93515625,1,0.000292596,0.001,0.1,11.3784844
1.16,0.005,1,2,0.7,1.0390625,1.03984375,1,-5.16E-07,0.001,0.1,12.4101178
1.16,0.01,1,2,0.7,1.03828125,1.0390625,1,0.000193176,0.001,0.1,12.391697
1.16,0.03,1,2,0.7,1.0359375,1.03671875,1,6.08E-05,0.001,0.1,11.7776267
1.16,0.05,1,2,0.7,1.03359375,1.034375,1,-5.27E-05,0.001,0.1,12.2261865
1.16,0.075,1,2,0.7,1.03046875,1.03125,1,4.78E-05,0.001,0.1,12.0892764
1.16,0.1,1,2,0.7,1.02734375,1.028125,1,0.000168827,0.001,0.1,11.8722392
1.16,0.15,1,2,0.7,1.021875,1.02265625,1,-0.000467552,0.001,0.1,12.039556
1.16,0.2,1,2,0.7,1.015625,1.01640625,1,-9.20E-05,0.001,0.1,12.4100278
1.16,0.25,1,2,0.7,1.009375,1.01015625,1,0.000365835,0.001,0.1,12.3388518
1.16,0.3,1,2,0.7,1.00390625,1.0046875,1,-6.80E-07,0.001,0.1,12.0863982
1.16,0.35,1,2,0.7,0.9984375,0.99921875,1,-0.000359635,0.001,0.1,11.0775745
1.16,0.4,1,2,0.7,0.9921875,0.99296875,1,0.000335125,0.001,0.1,11.1295034
1.16,0.45,1,2,0.7,0.98671875,0.9875,1,0.000206749,0.001,0.1,13.2551807
1.16,0.5,1,2,0.7,0.98125,0.98203125,1,5.36E-05,0.001,0.1,18.4315132
1.16,0.55,1,2,0.7,0.97578125,0.9765625,1,8.08E-05,0.001,0.1,15.365857
1.16,0.6,1,2,0.7,0.9703125,0.97109375,1,6.16E-05,0.001,0.1,15.2742819
1.16,0.65,1,2,0.7,0.96484375,0.965625,1,0.000244411,0.001,0.1,18.0812107
1.16,0.7,1,2,0.7,0.959375,0.96015625,1,0.000359329,0.001,0.1,38.3994923
1.16,0.75,1,2,0.7,0.9546875,0.95546875,1,-0.000367536,0.001,0.1,13.1315178
1.16,0.8,1,2,0.7,0.94921875,0.95,1,4.38E-05,0.001,0.1,17.7657589
1.16,0.85,1,2,0.7,0.94375,0.94453125,1,0.000354996,0.001,0.1,15.4957312
1.16,0.9,1,2,0.7,0.9390625,0.93984375,1,-0.000174578,0.001,0.1,17.2069126
1.16,0.95,1,2,0.7,0.93359375,0.934375,1,0.00046563,0.001,0.1,19.1888992
1.16,1,1,2,0.7,0.92890625,0.9296875,1,7.14E-05,0.001,0.1,13.9212365
1.18,0.005,1,2,0.7,1.04296875,1.04375,1,0.000125283,0.001,0.1,16.3244691
1.18,0.01,1,2,0.7,1.0421875,1.04296875,1,0.000253419,0.001,0.1,17.2709495
1.18,0.03,1,2,0.7,1.03984375,1.040625,1,-0.000145334,0.001,0.1,14.4581662
1.18,0.05,1,2,0.7,1.03671875,1.0375,1,0.000399094,0.001,0.1,13.577182
1.18,0.075,1,2,0.7,1.03359375,1.034375,1,0.00017152,0.001,0.1,16.0209108
1.18,0.1,1,2,0.7,1.03046875,1.03125,1,-3.34E-05,0.001,0.1,19.3321418
1.18,0.15,1,2,0.7,1.02421875,1.025,1,-0.000374982,0.001,0.1,15.2563687
1.18,0.2,1,2,0.7,1.0171875,1.01796875,1,0.000297568,0.001,0.1,18.524843
1.18,0.25,1,2,0.7,1.0109375,1.01171875,1,0.000137217,0.001,0.1,18.4818787
1.18,0.3,1,2,0.7,1.0046875,1.00546875,1,6.78E-05,0.001,0.1,15.8797751
1.18,0.35,1,2,0.7,0.9984375,0.99921875,1,8.94E-05,0.001,0.1,13.6367829
1.18,0.4,1,2,0.7,0.9921875,0.99296875,1,0.00020192,0.001,0.1,17.8909224
1.18,0.45,1,2,0.7,0.9859375,0.98671875,1,0.00040554,0.001,0.1,15.8767427
1.18,0.5,1,2,0.7,0.98046875,0.98125,1,-0.000220367,0.001,0.1,19.4489165
1.18,0.55,1,2,0.7,0.97421875,0.975,1,0.000165918,0.001,0.1,21.7614121
1.18,0.6,1,2,0.7,0.96875,0.96953125,1,-0.000419897,0.001,0.1,14.8140142
1.18,0.65,1,2,0.7,0.9625,0.96328125,1,0.000137227,0.001,0.1,13.8121038
1.18,0.7,1,2,0.7,0.95703125,0.9578125,1,-0.000133318,0.001,0.1,15.4702009
1.18,0.75,1,2,0.7,0.9515625,0.95234375,1,-0.000491191,0.001,0.1,13.0675062
1.18,0.8,1,2,0.7,0.9453125,0.94609375,1,0.000328673,0.001,0.1,12.3742859
1.18,0.85,1,2,0.7,0.93984375,0.940625,1,0.000322215,0.001,0.1,13.1738742
1.18,0.9,1,2,0.7,0.934375,0.93515625,1,0.000192555,0.001,0.1,12.8914249
1.18,0.95,1,2,0.7,0.92890625,0.9296875,1,0.00035859,0.001,0.1,14.0725742
1.18,1,1,2,0.7,0.9234375,0.92421875,1,0.000377497,0.001,0.1,15.2543948
1.2,0.005,1,2,0.7,1.046875,1.04765625,1,5.09E-05,0.001,0.1,11.0714312
1.2,0.01,1,2,0.7,1.04609375,1.046875,1,0.000118712,0.001,0.1,10.2709988
1.2,0.03,1,2,0.7,1.04296875,1.04375,1,0.000399669,0.001,0.1,12.0561836
1.2,0.05,1,2,0.7,1.040625,1.04140625,1,-0.000253796,0.001,0.1,10.657746
1.2,0.075,1,2,0.7,1.03671875,1.0375,1,0.000153223,0.001,0.1,10.5883325
1.2,0.1,1,2,0.7,1.03359375,1.034375,1,-0.000369054,0.001,0.1,10.5231866
1.2,0.15,1,2,0.7,1.0265625,1.02734375,1,-0.000399329,0.001,0.1,10.5545566
1.2,0.2,1,2,0.7,1.01953125,1.0203125,1,-0.000279188,0.001,0.1,10.5484018
1.2,0.25,1,2,0.7,1.0125,1.01328125,1,-0.000100107,0.001,0.1,10.5411347
1.2,0.3,1,2,0.7,1.00546875,1.00625,1,0.000255686,0.001,0.1,10.8762699
1.2,0.35,1,2,0.7,0.99921875,1,1,-0.000293289,0.001,0.1,15.3805488
1.2,0.4,1,2,0.7,0.9921875,0.99296875,1,0.000194269,0.001,0.1,34.5280897
1.2,0.45,1,2,0.7,0.9859375,0.98671875,1,-0.000156364,0.001,0.1,19.1198027
1.2,0.5,1,2,0.7,0.9796875,0.98046875,1,-0.000407493,0.001,0.1,19.0836645
1.2,0.55,1,2,0.7,0.97265625,0.9734375,1,0.000520485,0.001,0.1,13.9583195
1.2,0.6,1,2,0.7,0.96640625,0.9671875,1,0.000481098,0.001,0.1,13.7171044
1.2,0.65,1,2,0.7,0.96015625,0.9609375,1,0.00054136,0.001,0.1,13.454134
1.2,0.7,1,2,0.7,0.9546875,0.95546875,1,-0.000416096,0.001,0.1,10.9122297
1.2,0.75,1,2,0.7,0.9484375,0.94921875,1,-0.000169034,0.001,0.1,11.2918402
1.2,0.8,1,2,0.7,0.9421875,0.94296875,1,0.000177813,0.001,0.1,10.4473756
1.2,0.85,1,2,0.7,0.93671875,0.9375,1,-0.000308113,0.001,0.1,10.2410125
1.2,0.9,1,2,0.7,0.93046875,0.93125,1,0.000238927,0.001,0.1,10.7338445
1.2,0.95,1,2,0.7,0.925,0.92578125,1,-0.00029479,0.001,0.1,11.1891222
1.2,1,1,2,0.7,0.91875,0.91953125,1,0.000439485,0.001,0.1,13.3386326
1.3,0.005,1,2,0.7,1.0640625,1.06484375,1,-0.000218029,0.001,0.1,12.0046155
1.3,0.01,1,2,0.7,1.06328125,1.0640625,1,-0.000437205,0.001,0.1,12.347627
1.3,0.03,1,2,0.7,1.059375,1.06015625,1,-0.000276895,0.001,0.1,11.4016429
1.3,0.05,1,2,0.7,1.05546875,1.05625,1,-7.20E-05,0.001,0.1,10.9022485
1.3,0.075,1,2,0.7,1.05078125,1.0515625,1,-3.44E-05,0.001,0.1,12.0121519
1.3,0.1,1,2,0.7,1.04609375,1.046875,1,5.39E-05,0.001,0.1,11.2248979
1.3,0.15,1,2,0.7,1.03671875,1.0375,1,0.000382281,0.001,0.1,13.1487642
1.3,0.2,1,2,0.7,1.028125,1.02890625,1,-0.000179495,0.001,0.1,15.3907752
1.3,0.25,1,2,0.7,1.01953125,1.0203125,1,-0.000481124,0.001,0.1,13.1283114
1.3,0.3,1,2,0.7,1.01015625,1.0109375,1,0.000440212,0.001,0.1,11.1332001
1.3,0.35,1,2,0.7,1.0015625,1.00234375,1,0.000420115,0.001,0.1,11.6286221
1.3,0.4,1,2,0.7,0.99375,0.99453125,1,-0.000446488,0.001,0.1,12.7386718
1.3,0.45,1,2,0.7,0.98515625,0.9859375,1,3.76E-05,0.001,0.1,13.4411609
1.3,0.5,1,2,0.7,0.97734375,0.978125,1,-0.00046914,0.001,0.1,10.3628493
1.3,0.55,1,2,0.7,0.96875,0.96953125,1,0.000208023,0.001,0.1,24.3319652
1.3,0.6,1,2,0.7,0.9609375,0.96171875,1,4.33E-05,0.001,0.1,13.9350994
1.3,0.65,1,2,0.7,0.953125,0.95390625,1,5.02E-05,0.001,0.1,11.933432
1.3,0.7,1,2,0.7,0.9453125,0.94609375,1,0.000228963,0.001,0.1,11.7697742
1.3,0.75,1,2,0.7,0.93828125,0.9390625,1,-0.00042904,0.001,0.1,11.9677991
1.3,0.8,1,2,0.7,0.93046875,0.93125,1,9.47E-05,0.001,0.1,12.8068564
1.3,0.85,1,2,0.7,0.9234375,0.92421875,1,-0.000528617,0.001,0.1,13.2934419
1.3,0.9,1,2,0.7,0.915625,0.91640625,1,0.000322112,0.001,0.1,15.0773729
1.3,0.95,1,2,0.7,0.90859375,0.909375,1,0.000340178,0.001,0.1,13.625487
1.3,1,1,2,0.7,0.9015625,0.90234375,1,0.000164942,0.001,0.1,12.107816
1.4,0.005,1,2,0.7,1.078125,1.07890625,1,-0.000480624,0.001,0.1,16.2082956
1.4,0.01,1,2,0.7,1.0765625,1.07734375,1,0.000153648,0.001,0.1,14.2365781
1.4,0.03,1,2,0.7,1.071875,1.07265625,1,0.000503,0.001,0.1,17.3106854
1.4,0.05,1,2,0.7,1.06796875,1.06875,1,-0.000204587,0.001,0.1,13.7254949
1.4,0.075,1,2,0.7,1.0625,1.06328125,1,-0.000213873,0.001,0.1,20.6661342
1.4,0.1,1,2,0.7,1.05703125,1.0578125,1,-0.000115934,0.001,0.1,16.8679518
1.4,0.15,1,2,0.7,1.04609375,1.046875,1,0.000263881,0.001,0.1,19.9828491
1.4,0.2,1,2,0.7,1.0359375,1.03671875,1,-0.00025793,0.001,0.1,17.7779909
1.4,0.25,1,2,0.7,1.02578125,1.0265625,1,-0.000415368,0.001,0.1,12.788465
1.4,0.3,1,2,0.7,1.015625,1.01640625,1,-0.000415233,0.001,0.1,13.3639301
1.4,0.35,1,2,0.7,1.00546875,1.00625,1,-4.02E-06,0.001,0.1,12.9419605
1.4,0.4,1,2,0.7,0.9953125,0.99609375,1,0.00051928,0.001,0.1,11.4126728
1.4,0.45,1,2,0.7,0.9859375,0.98671875,1,0.000200232,0.001,0.1,11.4310682
1.4,0.5,1,2,0.7,0.9765625,0.97734375,1,0.000135173,0.001,0.1,10.7745613
1.4,0.55,1,2,0.7,0.9671875,0.96796875,1,0.000324362,0.001,0.1,11.0147442
1.4,0.6,1,2,0.7,0.95859375,0.959375,1,-0.000320241,0.001,0.1,10.8641996
1.4,0.65,1,2,0.7,0.94921875,0.95,1,0.000379753,0.001,0.1,11.1488734
1.4,0.7,1,2,0.7,0.940625,0.94140625,1,-7.36E-05,0.001,0.1,10.9123654
1.4,0.75,1,2,0.7,0.93203125,0.9328125,1,3.11E-05,0.001,0.1,10.7646276
1.4,0.8,1,2,0.7,0.9234375,0.92421875,1,2.48E-05,0.001,0.1,10.9512138
1.4,0.85,1,2,0.7,0.91484375,0.915625,1,0.000623461,0.001,0.1,11.1696386
1.4,0.9,1,2,0.7,0.90703125,0.9078125,1,-1.47E-05,0.001,0.1,11.106426
1.4,0.95,1,2,0.7,0.89921875,0.9,1,-0.000437458,0.001,0.1,11.4365552
1.4,1,1,2,0.7,0.890625,0.89140625,1,0.00043268,0.001,0.1,10.0581015
1.5,0.005,1,2,0.7,1.0890625,1.08984375,1,0.000323316,0.001,0.1,20.6202045
1.5,0.01,1,2,0.7,1.08828125,1.0890625,1,-0.000378913,0.001,0.1,20.7960025
1.5,0.03,1,2,0.7,1.0828125,1.08359375,1,0.000424463,0.001,0.1,19.9494252
1.5,0.05,1,2,0.7,1.078125,1.07890625,1,9.31E-05,0.001,0.1,19.633294
1.5,0.075,1,2,0.7,1.071875,1.07265625,1,0.000365924,0.001,0.1,19.4053175
1.5,0.1,1,2,0.7,1.06640625,1.0671875,1,-0.000452883,0.001,0.1,22.8505849
1.5,0.15,1,2,0.7,1.05390625,1.0546875,1,0.000579234,0.001,0.1,12.6323002
1.5,0.2,1,2,0.7,1.04296875,1.04375,1,-0.000476749,0.001,0.1,12.82901
1.5,0.25,1,2,0.7,1.03125,1.03203125,1,-8.24E-06,0.001,0.1,11.3231433
1.5,0.3,1,2,0.7,1.0203125,1.02109375,1,-0.000379176,0.001,0.1,11.3011013
1.5,0.35,1,2,0.7,1.009375,1.01015625,1,-0.000405761,0.001,0.1,11.6514709
1.5,0.4,1,2,0.7,0.9984375,0.99921875,1,-8.75E-05,0.001,0.1,10.742707
1.5,0.45,1,2,0.7,0.9875,0.98828125,1,0.000575953,0.001,0.1,10.7413679
1.5,0.5,1,2,0.7,0.97734375,0.978125,1,0.000415505,0.001,0.1,10.6252166
1.5,0.55,1,2,0.7,0.9671875,0.96796875,1,0.000304657,0.001,0.1,10.8100485
1.5,0.6,1,2,0.7,0.9578125,0.95859375,1,-0.000675738,0.001,0.1,11.1101399
1.5,0.65,1,2,0.7,0.94765625,0.9484375,1,0.00016372,0.001,0.1,10.7389496
1.5,0.7,1,2,0.7,0.93828125,0.9390625,1,-0.000189994,0.001,0.1,10.7812094
1.5,0.75,1,2,0.7,0.92890625,0.9296875,1,-0.000242606,0.001,0.1,13.5865987
1.5,0.8,1,2,0.7,0.91953125,0.9203125,1,6.21E-06,0.001,0.1,11.5020617
1.5,0.85,1,2,0.7,0.91015625,0.9109375,1,0.000556825,0.001,0.1,15.5192387
1.5,0.9,1,2,0.7,0.9015625,0.90234375,1,-0.000238025,0.001,0.1,13.8892385
1.5,0.95,1,2,0.7,0.89296875,0.89375,1,-0.000260881,0.001,0.1,16.2276179
1.5,1,1,2,0.7,0.884375,0.88515625,1,-0.000525977,0.001,0.1,18.9049943
1.6,0.005,1,2,0.7,1.09921875,1.1,1,-0.000571074,0.001,0.1,13.8989068
1.6,0.01,1,2,0.7,1.09765625,1.0984375,1,-0.000203138,0.001,0.1,13.0120114
1.6,0.03,1,2,0.7,1.0921875,1.09296875,1,2.59E-05,0.001,0.1,14.5824047
1.6,0.05,1,2,0.7,1.08671875,1.0875,1,0.000349825,0.001,0.1,13.0409585
1.6,0.075,1,2,0.7,1.08046875,1.08125,1,-0.000123271,0.001,0.1,15.4958963
1.6,0.1,1,2,0.7,1.07421875,1.075,1,-0.000486364,0.001,0.1,15.1883527
1.6,0.15,1,2,0.7,1.0609375,1.06171875,1,0.000387358,0.001,0.1,16.6072902
1.6,0.2,1,2,0.7,1.0484375,1.04921875,1,0.000429195,0.001,0.1,15.2521374
1.6,0.25,1,2,0.7,1.03671875,1.0375,1,-0.000350555,0.001,0.1,15.1659299
1.6,0.3,1,2,0.7,1.02421875,1.025,1,0.000578472,0.001,0.1,13.5149863
1.6,0.35,1,2,0.7,1.0125,1.01328125,1,0.000474247,0.001,0.1,12.6626936
1.6,0.4,1,2,0.7,1.0015625,1.00234375,1,-0.000497285,0.001,0.1,12.4227778
1.6,0.45,1,2,0.7,0.98984375,0.990625,1,0.00045798,0.001,0.1,12.9651434
1.6,0.5,1,2,0.7,0.97890625,0.9796875,1,0.000302222,0.001,0.1,13.7520491
1.6,0.55,1,2,0.7,0.96796875,0.96875,1,0.000540858,0.001,0.1,13.5825058
1.6,0.6,1,2,0.7,0.9578125,0.95859375,1,-0.000445307,0.001,0.1,11.82536
1.6,0.65,1,2,0.7,0.946875,0.94765625,1,0.000554873,0.001,0.1,10.8290547
1.6,0.7,1,2,0.7,0.93671875,0.9375,1,0.000712861,0.001,0.1,10.7276276
1.6,0.75,1,2,0.7,0.92734375,0.928125,1,-0.000434226,0.001,0.1,10.8679983
1.6,0.8,1,2,0.7,0.9171875,0.91796875,1,-3.98E-06,0.001,0.1,11.0514574
1.6,0.85,1,2,0.7,0.9078125,0.90859375,1,-0.000465278,0.001,0.1,10.8187392
1.6,0.9,1,2,0.7,0.8984375,0.89921875,1,-0.000581936,0.001,0.1,10.5190389
1.6,0.95,1,2,0.7,0.8890625,0.88984375,1,-0.000353577,0.001,0.1,10.4466726
1.6,1,1,2,0.7,0.8796875,0.88046875,1,0.000220223,0.001,0.1,10.2896251
1.7,0.005,1,2,0.7,1.10703125,1.1078125,1,-0.000125779,0.001,0.1,12.3904333
1.7,0.01,1,2,0.7,1.10546875,1.10625,1,0.000135447,0.001,0.1,12.1497676
1.7,0.03,1,2,0.7,1.1,1.10078125,1,-0.000145187,0.001,0.1,11.9279707
1.7,0.05,1,2,0.7,1.09453125,1.0953125,1,-0.000320108,0.001,0.1,12.3800076
1.7,0.075,1,2,0.7,1.0875,1.08828125,1,-0.000112266,0.001,0.1,12.2731885
1.7,0.1,1,2,0.7,1.08046875,1.08125,1,0.000283973,0.001,0.1,12.5063123
1.7,0.15,1,2,0.7,1.0671875,1.06796875,1,-2.69E-05,0.001,0.1,11.7861638
1.7,0.2,1,2,0.7,1.05390625,1.0546875,1,0.000285527,0.001,0.1,11.7365019
1.7,0.25,1,2,0.7,1.04140625,1.0421875,1,-0.000369306,0.001,0.1,11.4768753
1.7,0.3,1,2,0.7,1.02890625,1.0296875,1,-0.000531599,0.001,0.1,11.4781222
1.7,0.35,1,2,0.7,1.01640625,1.0171875,1,-0.000200623,0.001,0.1,11.5251724
1.7,0.4,1,2,0.7,1.00390625,1.0046875,1,0.000624446,0.001,0.1,11.3678636
1.7,0.45,1,2,0.7,0.9921875,0.99296875,1,0.000296941,0.001,0.1,10.534609
1.7,0.5,1,2,0.7,0.98046875,0.98125,1,0.000752749,0.001,0.1,10.6507039
1.7,0.55,1,2,0.7,0.96953125,0.9703125,1,7.47E-07,0.001,0.1,10.6913349
1.7,0.6,1,2,0.7,0.95859375,0.959375,1,-0.000311015,0.001,0.1,12.1447213
1.7,0.65,1,2,0.7,0.94765625,0.9484375,1,-0.000181996,0.001,0.1,15.2391483
1.7,0.7,1,2,0.7,0.93671875,0.9375,1,0.000388417,0.001,0.1,13.2953925
1.7,0.75,1,2,0.7,0.9265625,0.92734375,1,-0.000438978,0.001,0.1,10.91907
1.7,0.8,1,2,0.7,0.91640625,0.9171875,1,-0.000325738,0.001,0.1,10.7589887
1.7,0.85,1,2,0.7,0.90625,0.90703125,1,-0.00036138,0.001,0.1,11.4378417
1.7,0.9,1,2,0.7,0.89609375,0.896875,1,0.000615361,0.001,0.1,10.6750176
1.7,0.95,1,2,0.7,0.88671875,0.8875,1,7.25E-05,0.001,0.1,10.9698579
1.7,1,1,2,0.7,0.87734375,0.878125,1,-8.50E-05,0.001,0.1,11.0115675
1.8,0.005,1,2,0.7,1.1140625,1.11484375,1,-0.000424557,0.001,0.1,13.2330946
1.8,0.01,1,2,0.7,1.1125,1.11328125,1,-0.000259675,0.001,0.1,12.1726578
1.8,0.03,1,2,0.7,1.10625,1.10703125,1,0.000464951,0.001,0.1,15.2122251
1.8,0.05,1,2,0.7,1.10078125,1.1015625,1,-0.000155342,0.001,0.1,13.5074912
1.8,0.075,1,2,0.7,1.09375,1.09453125,1,-0.000474441,0.001,0.1,11.9563088
1.8,0.1,1,2,0.7,1.08671875,1.0875,1,-0.000586767,0.001,0.1,11.9263436
1.8,0.15,1,2,0.7,1.07265625,1.0734375,1,-0.000421973,0.001,0.1,11.3538596
1.8,0.2,1,2,0.7,1.05859375,1.059375,1,0.000340095,0.001,0.1,11.2348284
1.8,0.25,1,2,0.7,1.0453125,1.04609375,1,7.77E-05,0.001,0.1,11.3624586
1.8,0.3,1,2,0.7,1.03203125,1.0328125,1,0.000578406,0.001,0.1,11.6830022
1.8,0.35,1,2,0.7,1.01953125,1.0203125,1,-2.57E-06,0.001,0.1,11.6299836
1.8,0.4,1,2,0.7,1.00703125,1.0078125,1,-4.16E-05,0.001,0.1,11.2516878
1.8,0.45,1,2,0.7,0.99453125,0.9953125,1,0.000462119,0.001,0.1,10.7306896
1.8,0.5,1,2,0.7,0.9828125,0.98359375,1,-0.000285747,0.001,0.1,10.6331374
1.8,0.55,1,2,0.7,0.97109375,0.971875,1,-0.000133156,0.001,0.1,10.6756872
1.8,0.6,1,2,0.7,0.959375,0.96015625,1,0.000108309,0.001,0.1,11.6396893
1.8,0.65,1,2,0.7,0.9484375,0.94921875,1,-0.000570766,0.001,0.1,11.097561
1.8,0.7,1,2,0.7,0.9375,0.93828125,1,-0.000765325,0.001,0.1,10.7696739
1.8,0.75,1,2,0.7,0.9265625,0.92734375,1,-0.000474767,0.001,0.1,10.6940389
1.8,0.8,1,2,0.7,0.915625,0.91640625,1,0.000301604,0.001,0.1,10.9905293
1.8,0.85,1,2,0.7,0.90546875,0.90625,1,0.000181749,0.001,0.1,11.9735966
1.8,0.9,1,2,0.7,0.8953125,0.89609375,1,-0.000142041,0.001,0.1,10.8890469
1.8,0.95,1,2,0.7,0.88515625,0.8859375,1,0.000687668,0.001,0.1,11.5227515
1.8,1,1,2,0.7,0.87578125,0.8765625,1,-0.000136462,0.001,0.1,11.0459067
1.9,0.005,1,2,0.7,1.11953125,1.1203125,1,0.000385202,0.001,0.1,12.9944543
1.9,0.01,1,2,0.7,1.11796875,1.11875,1,0.000469144,0.001,0.1,13.0938358
1.9,0.03,1,2,0.7,1.1125,1.11328125,1,-0.000688745,0.001,0.1,12.2586063
1.9,0.05,1,2,0.7,1.10625,1.10703125,1,-0.000184023,0.001,0.1,12.8161427
1.9,0.075,1,2,0.7,1.0984375,1.09921875,1,0.00060571,0.001,0.1,12.3892576
1.9,0.1,1,2,0.7,1.09140625,1.0921875,1,4.14E-05,0.001,0.1,12.1364024
1.9,0.15,1,2,0.7,1.07734375,1.078125,1,-0.000665094,0.001,0.1,15.8033778
1.9,0.2,1,2,0.7,1.06328125,1.0640625,1,-0.000724184,0.001,0.1,15.5015927
1.9,0.25,1,2,0.7,1.04921875,1.05,1,-0.000134797,0.001,0.1,22.1066118
1.9,0.3,1,2,0.7,1.0359375,1.03671875,1,-0.000656837,0.001,0.1,17.6824488
1.9,0.35,1,2,0.7,1.02265625,1.0234375,1,-0.000307494,0.001,0.1,19.0051589
1.9,0.4,1,2,0.7,1.009375,1.01015625,1,0.000367445,0.001,0.1,21.2468129
1.9,0.45,1,2,0.7,0.996875,0.99765625,1,0.000127514,0.001,0.1,22.8647458
1.9,0.5,1,2,0.7,0.984375,0.98515625,1,0.000477196,0.001,0.1,18.8465637
1.9,0.55,1,2,0.7,0.97265625,0.9734375,1,-6.72E-05,0.001,0.1,21.9607694
1.9,0.6,1,2,0.7,0.9609375,0.96171875,1,-0.000516626,0.001,0.1,22.1856846
1.9,0.65,1,2,0.7,0.94921875,0.95,1,9.84E-05,0.001,0.1,20.9708433
1.9,0.7,1,2,0.7,0.9375,0.93828125,1,0.000725369,0.001,0.1,19.0892987
1.9,0.75,1,2,0.7,0.9265625,0.92734375,1,0.000403232,0.001,0.1,22.2233148
1.9,0.8,1,2,0.7,0.915625,0.91640625,1,0.000608416,0.001,0.1,22.9480935
1.9,0.85,1,2,0.7,0.90546875,0.90625,1,-0.000117814,0.001,0.1,19.4714369
1.9,0.9,1,2,0.7,0.8953125,0.89609375,1,-0.001067298,0.001,0.1,18.0082693
1.9,0.95,1,2,0.7,0.884375,0.88515625,1,0.000689286,0.001,0.1,17.1675659
1.9,1,1,2,0.7,0.875,0.87578125,1,-0.00076483,0.001,0.1,20.4789972
2,0.005,1,2,0.7,1.125,1.12578125,1,-0.000403881,0.001,0.1,13.8471474
2,0.01,1,2,0.7,1.1234375,1.12421875,1,-0.000398079,0.001,0.1,13.3512104
2,0.03,1,2,0.7,1.1171875,1.11796875,1,-0.000299161,0.001,0.1,13.236228
2,0.05,1,2,0.7,1.1109375,1.11171875,1,-7.90E-05,0.001,0.1,13.8573703
2,0.075,1,2,0.7,1.103125,1.10390625,1,0.000366705,0.001,0.1,13.9658774
2,0.1,1,2,0.7,1.09609375,1.096875,1,-0.000615592,0.001,0.1,12.542535
2,0.15,1,2,0.7,1.08125,1.08203125,1,-0.00051531,0.001,0.1,13.0382935
2,0.2,1,2,0.7,1.06640625,1.0671875,1,0.000449717,0.001,0.1,12.764226
2,0.25,1,2,0.7,1.05234375,1.053125,1,0.000364775,0.001,0.1,13.0192536
2,0.3,1,2,0.7,1.0390625,1.03984375,1,-0.000886803,0.001,0.1,13.0455643
2,0.35,1,2,0.7,1.025,1.02578125,1,0.000386491,0.001,0.1,12.9199752
2,0.4,1,2,0.7,1.01171875,1.0125,1,0.000779362,0.001,0.1,13.0093742
2,0.45,1,2,0.7,0.99921875,1,1,-9.89E-05,0.001,0.1,12.7683192
2,0.5,1,2,0.7,0.98671875,0.9875,1,-0.000343021,0.001,0.1,12.5148937
2,0.55,1,2,0.7,0.97421875,0.975,1,4.79E-05,0.001,0.1,12.4180071
2,0.6,1,2,0.7,0.9625,0.96328125,1,-0.001030737,0.001,0.1,12.4368759
2,0.65,1,2,0.7,0.95,0.95078125,1,0.000592391,0.001,0.1,14.8548526
2,0.7,1,2,0.7,0.9390625,0.93984375,1,-0.000883608,0.001,0.1,14.2863833
2,0.75,1,2,0.7,0.92734375,0.928125,1,0.000434995,0.001,0.1,15.3834159
2,0.8,1,2,0.7,0.91640625,0.9171875,1,0.000134074,0.001,0.1,13.1349911
2,0.85,1,2,0.7,0.90546875,0.90625,1,0.000401225,0.001,0.1,11.7110353
2,0.9,1,2,0.7,0.8953125,0.89609375,1,-0.00111449,0.001,0.1,12.6734331
2,0.95,1,2,0.7,0.884375,0.88515625,1,0.000249455,0.001,0.1,13.6005058
2,1,1,2,0.7,0.87421875,0.875,1,0.000659995,0.001,0.1,11.7175886
2.5,0.005,1,2,0.7,1.1421875,1.14296875,1,-0.00023214,0.001,0.1,14.270712
2.5,0.01,1,2,0.7,1.140625,1.14140625,1,-0.000518529,0.001,0.1,13.9890973
2.5,0.03,1,2,0.7,1.13359375,1.134375,1,0.000547958,0.001,0.1,13.4218785
2.5,0.05,1,2,0.7,1.12734375,1.128125,1,-0.000316178,0.001,0.1,12.8787285
2.5,0.075,1,2,0.7,1.11875,1.11953125,1,0.000894886,0.001,0.1,12.8406131
2.5,0.1,1,2,0.7,1.1109375,1.11171875,1,0.000287294,0.001,0.1,16.0989924
2.5,0.15,1,2,0.7,1.0953125,1.09609375,1,-0.000172472,0.001,0.1,13.4698893
2.5,0.2,1,2,0.7,1.0796875,1.08046875,1,0.000375757,0.001,0.1,14.2510769
2.5,0.25,1,2,0.7,1.06484375,1.065625,1,-9.50E-05,0.001,0.1,22.6821643
2.5,0.3,1,2,0.7,1.05,1.05078125,1,9.91E-05,0.001,0.1,24.7851805
2.5,0.35,1,2,0.7,1.0359375,1.03671875,1,-0.000806287,0.001,0.1,18.9244956
2.5,0.4,1,2,0.7,1.021875,1.02265625,1,-0.000782205,0.001,0.1,20.1626848
2.5,0.45,1,2,0.7,1.0078125,1.00859375,1,0.000172249,0.001,0.1,17.7353225
2.5,0.5,1,2,0.7,0.99453125,0.9953125,1,7.60E-05,0.001,0.1,24.3804517
2.5,0.55,1,2,0.7,0.98125,0.98203125,1,0.000258937,0.001,0.1,32.8415757
2.5,0.6,1,2,0.7,0.96875,0.96953125,1,-0.000695066,0.001,0.1,33.6343314
2.5,0.65,1,2,0.7,0.95625,0.95703125,1,-0.000803182,0.001,0.1,16.6188443
2.5,0.7,1,2,0.7,0.94375,0.94453125,1,-6.47E-05,0.001,0.1,21.9788509
2.5,0.75,1,2,0.7,0.93203125,0.9328125,1,-0.000421226,0.001,0.1,15.4306105
2.5,0.8,1,2,0.7,0.9203125,0.92109375,1,-0.000890531,0.001,0.1,13.8590488
2.5,0.85,1,2,0.7,0.90859375,0.909375,1,0.000419189,0.001,0.1,14.4871945
2.5,0.9,1,2,0.7,0.89765625,0.8984375,1,-0.000425994,0.001,0.1,16.2230484
2.5,0.95,1,2,0.7,0.88671875,0.8875,1,-0.000514051,0.001,0.1,10.7976042
2.5,1,1,2,0.7,0.87578125,0.8765625,1,0.000155625,0.001,0.1,11.6321998
3,0.005,1,2,0.7,1.1515625,1.15234375,1,0.000560802,0.001,0.1,13.9954045
3,0.01,1,2,0.7,1.15,1.15078125,1,5.98E-05,0.001,0.1,12.7039671
3,0.03,1,2,0.7,1.14296875,1.14375,1,0.000755619,0.001,0.1,12.665548
3,0.05,1,2,0.7,1.13671875,1.1375,1,-0.000900338,0.001,0.1,14.2423462
3,0.075,1,2,0.7,1.128125,1.12890625,1,-0.000174586,0.001,0.1,14.5658801
3,0.1,1,2,0.7,1.11953125,1.1203125,1,0.000998571,0.001,0.1,14.7851372
3,0.15,1,2,0.7,1.10390625,1.1046875,1,-0.000980253,0.001,0.1,14.7246002
3,0.2,1,2,0.7,1.0875,1.08828125,1,0.000764014,0.001,0.1,16.286723
3,0.25,1,2,0.7,1.07265625,1.0734375,1,-0.001205348,0.001,0.1,13.1100955
3,0.3,1,2,0.7,1.05703125,1.0578125,1,0.000549342,0.001,0.1,13.3950694
3,0.35,1,2,0.7,1.0421875,1.04296875,1,0.000582118,0.001,0.1,12.7436572
3,0.4,1,2,0.7,1.028125,1.02890625,1,-0.00068881,0.001,0.1,12.9482366
3,0.45,1,2,0.7,1.0140625,1.01484375,1,-0.000811812,0.001,0.1,13.7204762
3,0.5,1,2,0.7,1,1.00078125,1,0.00021357,0.001,0.1,13.3320949
3,0.55,1,2,0.7,0.98671875,0.9875,1,-2.18E-06,0.001,0.1,12.8613175
3,0.6,1,2,0.7,0.9734375,0.97421875,1,4.76E-05,0.001,0.1,12.0794417
3,0.65,1,2,0.7,0.9609375,0.96171875,1,-0.001248423,0.001,0.1,13.0212765
3,0.7,1,2,0.7,0.9484375,0.94921875,1,-0.001499917,0.001,0.1,12.6995244
3,0.75,1,2,0.7,0.9359375,0.93671875,1,-0.000706471,0.001,0.1,12.3337053
3,0.8,1,2,0.7,0.9234375,0.92421875,1,0.001132733,0.001,0.1,11.7789197
3,0.85,1,2,0.7,0.91171875,0.9125,1,0.001690637,0.001,0.1,12.2242644
3,0.9,1,2,0.7,0.90078125,0.9015625,1,-0.000364299,0.001,0.1,16.3161665
3,0.95,1,2,0.7,0.8890625,0.88984375,1,0.000825107,0.001,0.1,15.3419934
3,1,1,2,0.7,0.878125,0.87890625,1,0.000630693,0.001,0.1,15.1364988
3.5,0.005,1,2,0.7,1.1578125,1.15859375,1,-0.000704854,0.001,0.1,13.7497999
3.5,0.01,1,2,0.7,1.15625,1.15703125,1,-0.001385999,0.001,0.1,13.6797142
3.5,0.03,1,2,0.7,1.14921875,1.15,1,-0.000919618,0.001,0.1,14.2279559
3.5,0.05,1,2,0.7,1.1421875,1.14296875,1,-0.000250256,0.001,0.1,15.3372473
3.5,0.075,1,2,0.7,1.13359375,1.134375,1,0.000290015,0.001,0.1,15.1237773
3.5,0.1,1,2,0.7,1.125,1.12578125,1,0.001090499,0.001,0.1,13.3092881
3.5,0.15,1,2,0.7,1.10859375,1.109375,1,0.001071464,0.001,0.1,13.7142058
3.5,0.2,1,2,0.7,1.09296875,1.09375,1,-0.000611981,0.001,0.1,12.5288318
3.5,0.25,1,2,0.7,1.07734375,1.078125,1,-0.000819252,0.001,0.1,13.1713143
3.5,0.3,1,2,0.7,1.06171875,1.0625,1,0.00044939,0.001,0.1,13.0946234
3.5,0.35,1,2,0.7,1.046875,1.04765625,1,-0.000308893,0.001,0.1,12.7467206
3.5,0.4,1,2,0.7,1.03203125,1.0328125,1,0.000982732,0.001,0.1,13.0719727
3.5,0.45,1,2,0.7,1.01796875,1.01875,1,0.000132849,0.001,0.1,13.22689
3.5,0.5,1,2,0.7,1.00390625,1.0046875,1,0.000644446,0.001,0.1,16.6843309
3.5,0.55,1,2,0.7,0.990625,0.99140625,1,-0.001283454,0.001,0.1,13.3566679
3.5,0.6,1,2,0.7,0.97734375,0.978125,1,-0.000921499,0.001,0.1,11.9750139
3.5,0.65,1,2,0.7,0.9640625,0.96484375,1,-0.000337113,0.001,0.1,12.5414282
3.5,0.7,1,2,0.7,0.9515625,0.95234375,1,-0.00131193,0.001,0.1,12.8111874
3.5,0.75,1,2,0.7,0.9390625,0.93984375,1,-0.001048245,0.001,0.1,13.2110211
3.5,0.8,1,2,0.7,0.9265625,0.92734375,1,0.000454153,0.001,0.1,21.8445609
3.5,0.85,1,2,0.7,0.91484375,0.915625,1,0.000462473,0.001,0.1,13.6058673
3.5,0.9,1,2,0.7,0.903125,0.90390625,1,0.000118641,0.001,0.1,14.9820893
3.5,0.95,1,2,0.7,0.8921875,0.89296875,1,-0.001850134,0.001,0.1,12.4450416
3.5,1,1,2,0.7,0.88046875,0.88125,1,0.001782973,0.001,0.1,15.8117251
4,0.005,1,2,0.7,1.16171875,1.1625,1,-0.001011022,0.001,0.1,18.9257356
4,0.01,1,2,0.7,1.159375,1.16015625,1,0.001612954,0.001,0.1,14.4072974
4,0.03,1,2,0.7,1.153125,1.15390625,1,-0.001570335,0.001,0.1,13.7538294
4,0.05,1,2,0.7,1.14609375,1.146875,1,-0.000933476,0.001,0.1,15.487667
4,0.075,1,2,0.7,1.1375,1.13828125,1,-0.000714174,0.001,0.1,13.8087486
4,0.1,1,2,0.7,1.12890625,1.1296875,1,0.000118925,0.001,0.1,12.6472007
4,0.15,1,2,0.7,1.1125,1.11328125,1,-0.000708976,0.001,0.1,12.4245687
4,0.2,1,2,0.7,1.09609375,1.096875,1,0.000544591,0.001,0.1,12.3272414
4,0.25,1,2,0.7,1.08046875,1.08125,1,-0.000203195,0.001,0.1,12.2372913
4,0.3,1,2,0.7,1.06484375,1.065625,1,0.000754483,0.001,0.1,11.8425442
4,0.35,1,2,0.7,1.05,1.05078125,1,-0.000623398,0.001,0.1,11.7103825
4,0.4,1,2,0.7,1.03515625,1.0359375,1,0.000368585,0.001,0.1,11.759951
4,0.45,1,2,0.7,1.02109375,1.021875,1,-0.001105966,0.001,0.1,11.846341
4,0.5,1,2,0.7,1.00703125,1.0078125,1,-0.00100773,0.001,0.1,12.1473566
4,0.55,1,2,0.7,0.99296875,0.99375,1,0.000662758,0.001,0.1,11.3779524
4,0.6,1,2,0.7,0.9796875,0.98046875,1,-0.000562803,0.001,0.1,11.2306082
4,0.65,1,2,0.7,0.96640625,0.9671875,1,0.000962233,0.001,0.1,11.2514339
4,0.7,1,2,0.7,0.95390625,0.9546875,1,-0.000549659,0.001,0.1,11.2276006
4,0.75,1,2,0.7,0.94140625,0.9421875,1,-0.000630932,0.001,0.1,11.7344437
4,0.8,1,2,0.7,0.92890625,0.9296875,1,0.000718022,0.001,0.1,11.2774525
4,0.85,1,2,0.7,0.9171875,0.91796875,1,-0.001410489,0.001,0.1,11.2252036
4,0.9,1,2,0.7,0.90546875,0.90625,1,-0.000418015,0.001,0.1,16.3489543
4,0.95,1,2,0.7,0.89375,0.89453125,1,6.18E-05,0.001,0.1,19.193038
4,1,1,2,0.7,0.8828125,0.88359375,1,-0.001306795,0.001,0.1,18.4371766
4.5,0.005,1,2,0.7,1.1640625,1.16484375,1,0.000455533,0.001,0.1,21.8608046
4.5,0.01,1,2,0.7,1.1625,1.16328125,1,-0.00053423,0.001,0.1,21.3971942
4.5,0.03,1,2,0.7,1.15546875,1.15625,1,-0.000312097,0.001,0.1,21.8407576
4.5,0.05,1,2,0.7,1.1484375,1.14921875,1,0.000175765,0.001,0.1,21.6126407
4.5,0.075,1,2,0.7,1.13984375,1.140625,1,0.000398549,0.001,0.1,21.3938552
4.5,0.1,1,2,0.7,1.13125,1.13203125,1,0.000961535,0.001,0.1,22.0302984
4.5,0.15,1,2,0.7,1.11484375,1.115625,1,-2.87E-05,0.001,0.1,21.3195014
4.5,0.2,1,2,0.7,1.0984375,1.09921875,1,0.000630991,0.001,0.1,20.0811968
4.5,0.25,1,2,0.7,1.0828125,1.08359375,1,-0.000621586,0.001,0.1,20.5276448
4.5,0.3,1,2,0.7,1.0671875,1.06796875,1,6.03E-05,0.001,0.1,20.3320351
4.5,0.35,1,2,0.7,1.05234375,1.053125,1,-0.001075768,0.001,0.1,20.4212851
4.5,0.4,1,2,0.7,1.0375,1.03828125,1,-0.001179938,0.001,0.1,20.7012712
4.5,0.45,1,2,0.7,1.02265625,1.0234375,1,0.001521284,0.001,0.1,20.5112256
4.5,0.5,1,2,0.7,1.00859375,1.009375,1,0.001331612,0.001,0.1,19.8962246
4.5,0.55,1,2,0.7,0.9953125,0.99609375,1,-0.002039462,0.001,0.1,19.6758238
4.5,0.6,1,2,0.7,0.98125,0.98203125,1,0.001238509,0.001,0.1,19.3475881
4.5,0.65,1,2,0.7,0.96875,0.96953125,1,-0.002487177,0.001,0.1,21.1959469
4.5,0.7,1,2,0.7,0.95546875,0.95625,1,0.0006687,0.001,0.1,20.256228
4.5,0.75,1,2,0.7,0.94296875,0.94375,1,0.000286923,0.001,0.1,18.1814603
4.5,0.8,1,2,0.7,0.93046875,0.93125,1,0.001526445,0.001,0.1,17.930868
4.5,0.85,1,2,0.7,0.91875,0.91953125,1,-0.001170454,0.001,0.1,18.8669294
4.5,0.9,1,2,0.7,0.90703125,0.9078125,1,-0.000327611,0.001,0.1,18.7607633
4.5,0.95,1,2,0.7,0.8953125,0.89609375,1,-6.79E-05,0.001,0.1,16.9487402
4.5,1,1,2,0.7,0.884375,0.88515625,1,-0.001895013,0.001,0.1,17.1874967
5,0.005,1,2,0.7,1.16640625,1.1671875,1,-0.001910312,0.001,0.1,21.1517293
5,0.01,1,2,0.7,1.1640625,1.16484375,1,0.001355033,0.001,0.1,21.53227
5,0.03,1,2,0.7,1.15703125,1.1578125,1,0.001509702,0.001,0.1,21.9205693
5,0.05,1,2,0.7,1.15,1.15078125,1,0.001961547,0.001,0.1,22.4317549
5,0.075,1,2,0.7,1.14140625,1.1421875,1,0.002093387,0.001,0.1,30.2931735
5,0.1,1,2,0.7,1.13359375,1.134375,1,-0.001730122,0.001,0.1,30.3236607
5,0.15,1,2,0.7,1.11640625,1.1171875,1,0.001263038,0.001,0.1,32.241081
5,0.2,1,2,0.7,1.1,1.10078125,1,0.001765821,0.001,0.1,31.3227293
5,0.25,1,2,0.7,1.084375,1.08515625,1,0.000130496,0.001,0.1,30.987425
5,0.3,1,2,0.7,1.06875,1.06953125,1,0.000658851,0.001,0.1,28.9222038
5,0.35,1,2,0.7,1.05390625,1.0546875,1,-0.000844505,0.001,0.1,30.8950263
5,0.4,1,2,0.7,1.0390625,1.03984375,1,-0.001194552,0.001,0.1,32.1567019
5,0.45,1,2,0.7,1.02421875,1.025,1,0.00159283,0.001,0.1,31.2207552
5,0.5,1,2,0.7,1.01015625,1.0109375,1,0.001148787,0.001,0.1,32.1192815
5,0.55,1,2,0.7,0.99609375,0.996875,1,0.002697952,0.001,0.1,29.2074351
5,0.6,1,2,0.7,0.9828125,0.98359375,1,0.000581964,0.001,0.1,29.9259329
5,0.65,1,2,0.7,0.96953125,0.9703125,1,0.001955609,0.001,0.1,30.2972686
5,0.7,1,2,0.7,0.95703125,0.9578125,1,-0.000512192,0.001,0.1,30.9824736
5,0.75,1,2,0.7,0.94453125,0.9453125,1,-0.001166522,0.001,0.1,29.9759031
5,0.8,1,2,0.7,0.93203125,0.9328125,1,-9.00E-06,0.001,0.1,28.4563719
5,0.85,1,2,0.7,0.91953125,0.9203125,1,0.002959749,0.001,0.1,32.4836621
5,0.9,1,2,0.7,0.9078125,0.90859375,1,0.00141892,0.001,0.1,29.7190882
5,0.95,1,2,0.7,0.896875,0.89765625,1,-0.002466086,0.001,0.1,29.4632504
5,1,1,2,0.7,0.88515625,0.8859375,1,0.001815533,0.001,0.1,28.3685205
5.5,0.005,1,2,0.7,1.1671875,1.16796875,1,0.001862397,0.001,0.1,33.2089084
5.5,0.01,1,2,0.7,1.165625,1.16640625,1,0.000592284,0.001,0.1,34.4889906
5.5,0.03,1,2,0.7,1.15859375,1.159375,1,0.000689178,0.001,0.1,31.7663638
5.5,0.05,1,2,0.7,1.1515625,1.15234375,1,0.001114649,0.001,0.1,33.8314861
5.5,0.075,1,2,0.7,1.14296875,1.14375,1,0.00116719,0.001,0.1,32.1887932
5.5,0.1,1,2,0.7,1.134375,1.13515625,1,0.001640141,0.001,0.1,35.5028628
5.5,0.15,1,2,0.7,1.11796875,1.11875,1,-3.30E-05,0.001,0.1,31.9704071
5.5,0.2,1,2,0.7,1.1015625,1.10234375,1,0.000334245,0.001,0.1,33.452666
5.5,0.25,1,2,0.7,1.0859375,1.08671875,1,-0.001664027,0.001,0.1,31.5863304
5.5,0.3,1,2,0.7,1.0703125,1.07109375,1,-0.001269847,0.001,0.1,31.7074439
5.5,0.35,1,2,0.7,1.0546875,1.05546875,1,0.00151388,0.001,0.1,31.3005867
5.5,0.4,1,2,0.7,1.03984375,1.040625,1,0.002078153,0.001,0.1,32.5101951
5.5,0.45,1,2,0.7,1.02578125,1.0265625,1,-0.000810513,0.001,0.1,30.9437672
5.5,0.5,1,2,0.7,1.01171875,1.0125,1,-0.001493329,0.001,0.1,34.6221459
5.5,0.55,1,2,0.7,0.99765625,0.9984375,1,2.69E-05,0.001,0.1,31.8809529
5.5,0.6,1,2,0.7,0.984375,0.98515625,1,-0.002504701,0.001,0.1,29.8610004
5.5,0.65,1,2,0.7,0.97109375,0.971875,1,-0.001178536,0.001,0.1,30.4953053
5.5,0.7,1,2,0.7,0.9578125,0.95859375,1,0.000353557,0.001,0.1,30.7120675
5.5,0.75,1,2,0.7,0.9453125,0.94609375,1,-0.000585117,0.001,0.1,31.0225771
5.5,0.8,1,2,0.7,0.9328125,0.93359375,1,0.000479074,0.001,0.1,29.2886412
5.5,0.85,1,2,0.7,0.92109375,0.921875,1,-0.000839134,0.001,0.1,31.3692292
5.5,0.9,1,2,0.7,0.909375,0.91015625,1,-0.002734395,0.001,0.1,30.6673573
5.5,0.95,1,2,0.7,0.89765625,0.8984375,1,-0.000111684,0.001,0.1,29.8748699
5.5,1,1,2,0.7,0.8859375,0.88671875,1,0.001642494,0.001,0.1,30.1770237
6,0.005,1,2,0.7,1.16875,1.16953125,1,-0.001239509,0.001,0.1,33.4572795
6,0.01,1,2,0.7,1.1671875,1.16796875,1,-0.002647725,0.001,0.1,34.6609897
6,0.03,1,2,0.7,1.16015625,1.1609375,1,-0.002603869,0.001,0.1,33.5220404
6,0.05,1,2,0.7,1.153125,1.15390625,1,-0.002200075,0.001,0.1,33.3276744
6,0.075,1,2,0.7,1.14453125,1.1453125,1,-0.002221286,0.001,0.1,34.67101
6,0.1,1,2,0.7,1.1359375,1.13671875,1,-0.001782057,0.001,0.1,33.1676142
6,0.15,1,2,0.7,1.11875,1.11953125,1,0.001444655,0.001,0.1,35.717708
6,0.2,1,2,0.7,1.10234375,1.103125,1,0.002293518,0.001,0.1,34.5588972
6,0.25,1,2,0.7,1.08671875,1.0875,1,6.53E-05,0.001,0.1,33.3929579
6,0.3,1,2,0.7,1.07109375,1.071875,1,0.000458994,0.001,0.1,32.5736634
6,0.35,1,2,0.7,1.05625,1.05703125,1,-0.002734558,0.001,0.1,32.613573
6,0.4,1,2,0.7,1.04140625,1.0421875,1,-0.002282951,0.001,0.1,29.8515809
6,0.45,1,2,0.7,1.0265625,1.02734375,1,-0.000598159,0.001,0.1,31.7963243
6,0.5,1,2,0.7,1.0125,1.01328125,1,-0.001544958,0.001,0.1,31.0435536
6,0.55,1,2,0.7,0.9984375,0.99921875,1,-7.82E-05,0.001,0.1,29.8908801
6,0.6,1,2,0.7,0.98515625,0.9859375,1,-0.001129837,0.001,0.1,36.4484848
6,0.65,1,2,0.7,0.971875,0.97265625,1,-0.001795727,0.001,0.1,28.1938753
6,0.7,1,2,0.7,0.95859375,0.959375,1,0.001921893,0.001,0.1,29.2681304
6,0.75,1,2,0.7,0.94609375,0.946875,1,0.000853867,0.001,0.1,29.2637514
6,0.8,1,2,0.7,0.93359375,0.934375,1,0.001979854,0.001,0.1,33.3148064
6,0.85,1,2,0.7,0.921875,0.92265625,1,-0.002216105,0.001,0.1,30.6023088
6,0.9,1,2,0.7,0.91015625,0.9109375,1,-0.001618715,0.001,0.1,29.6101726
6,0.95,1,2,0.7,0.8984375,0.89921875,1,-0.001814263,0.001,0.1,27.5088461
6,1,1,2,0.7,0.88671875,0.8875,1,0.003096517,0.001,0.1,27.0552224
6.5,0.005,1,2,0.7,1.16953125,1.1703125,1,-0.000872309,0.001,0.1,34.2019247
6.5,0.01,1,2,0.7,1.16796875,1.16875,1,-0.002405294,0.001,0.1,30.9487018
6.5,0.03,1,2,0.7,1.1609375,1.16171875,1,-0.002465928,0.001,0.1,32.1549046
6.5,0.05,1,2,0.7,1.15390625,1.1546875,1,-0.001924095,0.001,0.1,32.4419455
6.5,0.075,1,2,0.7,1.1453125,1.14609375,1,-0.002214834,0.001,0.1,32.7856387
6.5,0.1,1,2,0.7,1.13671875,1.1375,1,-0.001477841,0.001,0.1,32.6602444
6.5,0.15,1,2,0.7,1.11953125,1.1203125,1,0.002022771,0.001,0.1,33.7352167
6.5,0.2,1,2,0.7,1.103125,1.10390625,1,0.002234021,0.001,0.1,32.1917414
6.5,0.25,1,2,0.7,1.0875,1.08828125,1,-0.000376237,0.001,0.1,30.2350973
6.5,0.3,1,2,0.7,1.071875,1.07265625,1,-0.000134998,0.001,0.1,31.1494383
6.5,0.35,1,2,0.7,1.05703125,1.0578125,1,-0.002572796,0.001,0.1,30.7339909
6.5,0.4,1,2,0.7,1.04140625,1.0421875,1,0.003395082,0.001,0.1,32.0767293
6.5,0.45,1,2,0.7,1.02734375,1.028125,1,-0.00027871,0.001,0.1,30.2058323
6.5,0.5,1,2,0.7,1.01328125,1.0140625,1,-0.001324085,0.001,0.1,31.7236593
6.5,0.55,1,2,0.7,0.99921875,1,1,0.000254709,0.001,0.1,28.6685648
6.5,0.6,1,2,0.7,0.9859375,0.98671875,1,-0.00299419,0.001,0.1,28.8166469
6.5,0.65,1,2,0.7,0.97265625,0.9734375,1,-0.001646925,0.001,0.1,30.3673383
6.5,0.7,1,2,0.7,0.959375,0.96015625,1,-5.62E-05,0.001,0.1,28.2928882
6.5,0.75,1,2,0.7,0.946875,0.94765625,1,-0.001407529,0.001,0.1,29.889394
6.5,0.8,1,2,0.7,0.934375,0.93515625,1,-0.000373984,0.001,0.1,29.5893779
6.5,0.85,1,2,0.7,0.92265625,0.9234375,1,-0.002176096,0.001,0.1,29.6180139
6.5,0.9,1,2,0.7,0.91015625,0.9109375,1,0.003647988,0.001,0.1,29.4725895
6.5,0.95,1,2,0.7,0.89921875,0.9,1,-0.00177684,0.001,0.1,29.632212
6.5,1,1,2,0.7,0.8875,0.88828125,1,7.67E-05,0.001,0.1,28.8610466
7,0.005,1,2,0.7,1.1703125,1.17109375,1,-0.001841465,0.001,0.1,34.1936122
7,0.01,1,2,0.7,1.16796875,1.16875,1,0.002791832,0.001,0.1,32.9292845
7,0.03,1,2,0.7,1.1609375,1.16171875,1,0.00271201,0.001,0.1,35.7512377
7,0.05,1,2,0.7,1.1546875,1.15546875,1,-0.003137951,0.001,0.1,33.7477956
7,0.075,1,2,0.7,1.1453125,1.14609375,1,0.002951337,0.001,0.1,32.189423
7,0.1,1,2,0.7,1.1375,1.13828125,1,-0.00283385,0.001,0.1,32.7264929
7,0.15,1,2,0.7,1.1203125,1.12109375,1,0.000770439,0.001,0.1,33.7467297
7,0.2,1,2,0.7,1.10390625,1.1046875,1,0.001575817,0.001,0.1,31.544029
7,0.25,1,2,0.7,1.08828125,1.0890625,1,-0.001238549,0.001,0.1,31.7534628
7,0.3,1,2,0.7,1.07265625,1.0734375,1,-0.000972143,0.001,0.1,32.2332243
7,0.35,1,2,0.7,1.05703125,1.0578125,1,0.002369809,0.001,0.1,30.6389753
7,0.4,1,2,0.7,1.0421875,1.04296875,1,0.001340842,0.001,0.1,32.6959513
7,0.45,1,2,0.7,1.028125,1.02890625,1,-0.002813613,0.001,0.1,32.9219776
7,0.5,1,2,0.7,1.01328125,1.0140625,1,0.003615306,0.001,0.1,30.8001207
7,0.55,1,2,0.7,1,1.00078125,1,-0.002608783,0.001,0.1,33.9424614
7,0.6,1,2,0.7,0.9859375,0.98671875,1,0.001742374,0.001,0.1,28.9435115
7,0.65,1,2,0.7,0.97265625,0.9734375,1,0.003164882,0.001,0.1,31.6610464
7,0.7,1,2,0.7,0.96015625,0.9609375,1,-0.000876913,0.001,0.1,29.9342471
7,0.75,1,2,0.7,0.94765625,0.9484375,1,-0.002338946,0.001,0.1,31.8119126
7,0.8,1,2,0.7,0.93515625,0.9359375,1,-0.001225115,0.001,0.1,30.5411876
7,0.85,1,2,0.7,0.92265625,0.9234375,1,0.002462201,0.001,0.1,30.8946768
7,0.9,1,2,0.7,0.9109375,0.91171875,1,-0.000260541,0.001,0.1,30.9707182
7,0.95,1,2,0.7,0.89921875,0.9,1,0.002830113,0.001,0.1,28.1644397
7,1,1,2,0.7,0.88828125,0.8890625,1,-0.000754313,0.001,0.1,28.1401833
7.5,0.005,1,2,0.7,1.1703125,1.17109375,1,0.002705573,0.001,0.1,35.108838
7.5,0.01,1,2,0.7,1.16875,1.16953125,1,0.000902492,0.001,0.1,34.8516969
7.5,0.03,1,2,0.7,1.16171875,1.1625,1,0.000868887,0.001,0.1,33.205794
7.5,0.05,1,2,0.7,1.1546875,1.15546875,1,0.001289894,0.001,0.1,33.5466073
7.5,0.075,1,2,0.7,1.14609375,1.146875,1,0.001150451,0.001,0.1,38.4414578
7.5,0.1,1,2,0.7,1.1375,1.13828125,1,0.00159237,0.001,0.1,39.3130364
7.5,0.15,1,2,0.7,1.12109375,1.121875,1,-0.001156661,0.001,0.1,34.9334601
7.5,0.2,1,2,0.7,1.1046875,1.10546875,1,-0.001082625,0.001,0.1,34.2244104
7.5,0.25,1,2,0.7,1.08828125,1.0890625,1,0.003233469,0.001,0.1,32.1327277
7.5,0.3,1,2,0.7,1.07265625,1.0734375,1,0.003495177,0.001,0.1,32.7171725
7.5,0.35,1,2,0.7,1.0578125,1.05859375,1,-0.000776763,0.001,0.1,31.3511538
7.5,0.4,1,2,0.7,1.04296875,1.04375,1,-0.000444815,0.001,0.1,32.6194013
7.5,0.45,1,2,0.7,1.028125,1.02890625,1,0.001442392,0.001,0.1,32.3862302
7.5,0.5,1,2,0.7,1.0140625,1.01484375,1,5.04E-06,0.001,0.1,32.87269
7.5,0.55,1,2,0.7,1,1.00078125,1,0.001614044,0.001,0.1,30.842412
7.5,0.6,1,2,0.7,0.98671875,0.9875,1,4.27E-05,0.001,0.1,29.6798465
7.5,0.65,1,2,0.7,0.9734375,0.97421875,1,-0.001043049,0.001,0.1,30.6010319
7.5,0.7,1,2,0.7,0.96015625,0.9609375,1,0.003403656,0.001,0.1,30.7835193
7.5,0.75,1,2,0.7,0.94765625,0.9484375,1,0.001809121,0.001,0.1,30.7302038
7.5,0.8,1,2,0.7,0.93515625,0.9359375,1,0.002982594,0.001,0.1,29.9774707
7.5,0.85,1,2,0.7,0.9234375,0.92421875,1,-0.002559599,0.001,0.1,30.5234947
7.5,0.9,1,2,0.7,0.91171875,0.9125,1,-0.00205309,0.001,0.1,30.8253527
7.5,0.95,1,2,0.7,0.9,0.90078125,1,-0.002548694,0.001,0.1,30.886983
7.5,1,1,2,0.7,0.88828125,0.8890625,1,0.003397098,0.001,0.1,31.9806188
8,0.005,1,2,0.7,1.17109375,1.171875,1,-0.000216425,0.001,0.1,32.1454317
8,0.01,1,2,0.7,1.16953125,1.1703125,1,-0.002141392,0.001,0.1,34.9800191
8,0.03,1,2,0.7,1.1625,1.16328125,1,-0.002292367,0.001,0.1,32.6857769
8,0.05,1,2,0.7,1.15546875,1.15625,1,-0.001694926,0.001,0.1,31.2642834
8,0.075,1,2,0.7,1.146875,1.14765625,1,-0.002152433,0.001,0.1,32.7905484
8,0.1,1,2,0.7,1.13828125,1.1390625,1,-0.001333255,0.001,0.1,30.0932202
8,0.15,1,2,0.7,1.12109375,1.121875,1,0.002821182,0.001,0.1,32.0576056
8,0.2,1,2,0.7,1.1046875,1.10546875,1,0.00288354,0.001,0.1,32.6450364
8,0.25,1,2,0.7,1.0890625,1.08984375,1,-0.000563013,0.001,0.1,30.3800922
8,0.3,1,2,0.7,1.0734375,1.07421875,1,-0.000468688,0.001,0.1,31.6493938
8,0.35,1,2,0.7,1.0578125,1.05859375,1,0.003159729,0.001,0.1,29.7015327
8,0.4,1,2,0.7,1.04296875,1.04375,1,0.00349779,0.001,0.1,30.7578573
8,0.45,1,2,0.7,1.02890625,1.0296875,1,-0.001277776,0.001,0.1,31.9483576
8,0.5,1,2,0.7,1.01484375,1.015625,1,-0.002790284,0.001,0.1,31.4495993
8,0.55,1,2,0.7,1.00078125,1.0015625,1,-0.001046018,0.001,0.1,30.2323345
8,0.6,1,2,0.7,0.98671875,0.9875,1,0.003950936,0.001,0.1,29.5372073
8,0.65,1,2,0.7,0.9734375,0.97421875,1,0.002772592,0.001,0.1,31.0373081
8,0.7,1,2,0.7,0.9609375,0.96171875,1,-0.002090592,0.001,0.1,28.7301245
8,0.75,1,2,0.7,0.9484375,0.94921875,1,-0.00399006,0.001,0.1,28.8666764
8,0.8,1,2,0.7,0.9359375,0.93671875,1,-0.002930833,0.001,0.1,29.8846175
8,0.85,1,2,0.7,0.9234375,0.92421875,1,0.00108384,0.001,0.1,30.3980498
8,0.9,1,2,0.7,0.91171875,0.9125,1,0.001609272,0.001,0.1,27.5513507
8,0.95,1,2,0.7,0.9,0.90078125,1,0.00106271,0.001,0.1,28.4430678
8,1,1,2,0.7,0.8890625,0.88984375,1,-0.003276406,0.001,0.1,27.5804055
8.5,0.005,1,2,0.7,1.17109375,1.171875,1,0.003398096,0.001,0.1,32.4653355
8.5,0.01,1,2,0.7,1.16953125,1.1703125,1,0.001346303,0.001,0.1,32.4202218
8.5,0.03,1,2,0.7,1.1625,1.16328125,1,0.001181313,0.001,0.1,31.0427756
8.5,0.05,1,2,0.7,1.15546875,1.15625,1,0.001813594,0.001,0.1,32.0232353
8.5,0.075,1,2,0.7,1.146875,1.14765625,1,0.001320894,0.001,0.1,32.0991626
8.5,0.1,1,2,0.7,1.13828125,1.1390625,1,0.002188208,0.001,0.1,32.4965488
8.5,0.15,1,2,0.7,1.121875,1.12265625,1,-0.001613667,0.001,0.1,32.1883986
8.5,0.2,1,2,0.7,1.10546875,1.10625,1,-0.000807148,0.001,0.1,31.8629357
8.5,0.25,1,2,0.7,1.0890625,1.08984375,1,0.002975333,0.001,0.1,30.2025392
8.5,0.3,1,2,0.7,1.0734375,1.07421875,1,0.003064355,0.001,0.1,30.9323695
8.5,0.35,1,2,0.7,1.05859375,1.059375,1,-0.000394326,0.001,0.1,32.4327123
8.5,0.4,1,2,0.7,1.04375,1.04453125,1,-0.001846218,0.001,0.1,31.5266399
8.5,0.45,1,2,0.7,1.02890625,1.0296875,1,0.002167682,0.001,0.1,31.301154
8.5,0.5,1,2,0.7,1.01484375,1.015625,1,0.000544971,0.001,0.1,28.3768113
8.5,0.55,1,2,0.7,1.00078125,1.0015625,1,0.002390924,0.001,0.1,29.7298597
8.5,0.6,1,2,0.7,0.9875,0.98828125,1,-0.002149091,0.001,0.1,28.4096771
8.5,0.65,1,2,0.7,0.97421875,0.975,1,-0.000612888,0.001,0.1,28.9905715
8.5,0.7,1,2,0.7,0.9609375,0.96171875,1,0.001242771,0.001,0.1,26.2546495
8.5,0.75,1,2,0.7,0.9484375,0.94921875,1,-0.000791927,0.001,0.1,29.2746037
8.5,0.8,1,2,0.7,0.9359375,0.93671875,1,0.000324323,0.001,0.1,29.4086262
8.5,0.85,1,2,0.7,0.92421875,0.925,1,-0.002307775,0.001,0.1,29.4703728
8.5,0.9,1,2,0.7,0.91171875,0.9125,1,0.005135829,0.001,0.1,28.072366
8.5,0.95,1,2,0.7,0.90078125,0.9015625,1,-0.00228481,0.001,0.1,27.7116784
8.5,1,1,2,0.7,0.8890625,0.88984375,1,-9.04E-05,0.001,0.1,27.683829
9,0.005,1,2,0.7,1.171875,1.17265625,1,-0.001349488,0.001,0.1,33.256059
9,0.01,1,2,0.7,1.1703125,1.17109375,1,-0.003546012,0.001,0.1,32.1728995
9,0.03,1,2,0.7,1.16328125,1.1640625,1,-0.003648243,0.001,0.1,33.5112509
9,0.05,1,2,0.7,1.15625,1.15703125,1,-0.003201233,0.001,0.1,32.0496383
9,0.075,1,2,0.7,1.14765625,1.1484375,1,-0.003448888,0.001,0.1,32.1198703
9,0.1,1,2,0.7,1.1390625,1.13984375,1,-0.002994298,0.001,0.1,33.5194968
9,0.15,1,2,0.7,1.121875,1.12265625,1,0.00149831,0.001,0.1,31.8389558
9,0.2,1,2,0.7,1.10546875,1.10625,1,0.002347334,0.001,0.1,31.2831317
9,0.25,1,2,0.7,1.08984375,1.090625,1,-0.001511935,0.001,0.1,31.0958533
9,0.3,1,2,0.7,1.07421875,1.075,1,-0.001370517,0.001,0.1,32.8925904
9,0.35,1,2,0.7,1.05859375,1.059375,1,0.002763418,0.001,0.1,34.1251082
9,0.4,1,2,0.7,1.04375,1.04453125,1,0.001214994,0.001,0.1,31.548323
9,0.45,1,2,0.7,1.0296875,1.03046875,1,-0.004396057,0.001,0.1,29.215761
9,0.5,1,2,0.7,1.01484375,1.015625,1,0.003736825,0.001,0.1,30.2684075
9,0.55,1,2,0.7,1.0015625,1.00234375,1,-0.004566125,0.001,0.1,33.1174947
9,0.6,1,2,0.7,0.9875,0.98828125,1,0.000862024,0.001,0.1,29.1140045
9,0.65,1,2,0.7,0.97421875,0.975,1,0.002484067,0.001,0.1,29.5526887
9,0.7,1,2,0.7,0.96171875,0.9625,1,-0.002989987,0.001,0.1,29.39548
9,0.75,1,2,0.7,0.9484375,0.94921875,1,0.00227767,0.001,0.1,32.4353876
9,0.8,1,2,0.7,0.9359375,0.93671875,1,0.003453836,0.001,0.1,29.8468871
9,0.85,1,2,0.7,0.92421875,0.925,1,0.000653021,0.001,0.1,30.3439641
9,0.9,1,2,0.7,0.9125,0.91328125,1,-0.00311405,0.001,0.1,31.4502452
9,0.95,1,2,0.7,0.90078125,0.9015625,1,0.000660997,0.001,0.1,29.7413022
9,1,1,2,0.7,0.8890625,0.88984375,1,0.002980869,0.001,0.1,28.1769883
9.5,0.005,1,2,0.7,1.171875,1.17265625,1,0.001465499,0.001,0.1,33.2745283
9.5,0.01,1,2,0.7,1.1703125,1.17109375,1,-0.00085837,0.001,0.1,31.7428235
9.5,0.03,1,2,0.7,1.16328125,1.1640625,1,-0.000967664,0.001,0.1,34.4094915
9.5,0.05,1,2,0.7,1.15625,1.15703125,1,-0.000496008,0.001,0.1,31.2149904
9.5,0.075,1,2,0.7,1.14765625,1.1484375,1,-0.000759558,0.001,0.1,32.0940252
9.5,0.1,1,2,0.7,1.1390625,1.13984375,1,-0.000280348,0.001,0.1,31.9960872
9.5,0.15,1,2,0.7,1.12265625,1.1234375,1,-0.003973383,0.001,0.1,31.9985242
9.5,0.2,1,2,0.7,1.10625,1.10703125,1,-0.004058822,0.001,0.1,30.9500418
9.5,0.25,1,2,0.7,1.08984375,1.090625,1,0.001276265,0.001,0.1,32.5106813
9.5,0.3,1,2,0.7,1.07421875,1.075,1,0.001421571,0.001,0.1,30.3265352
9.5,0.35,1,2,0.7,1.059375,1.06015625,1,-0.004233538,0.001,0.1,30.3401614
9.5,0.4,1,2,0.7,1.04453125,1.0453125,1,-0.004005668,0.001,0.1,28.1711197
9.5,0.45,1,2,0.7,1.0296875,1.03046875,1,-0.001792389,0.001,0.1,29.0420735
9.5,0.5,1,2,0.7,1.015625,1.01640625,1,-0.003832706,0.001,0.1,30.9262107
9.5,0.55,1,2,0.7,1.0015625,1.00234375,1,-0.00198216,0.001,0.1,29.9470888
9.5,0.6,1,2,0.7,0.9875,0.98828125,1,0.00375362,0.001,0.1,33.176037
9.5,0.65,1,2,0.7,0.97421875,0.975,1,0.005463849,0.001,0.1,29.9941285
9.5,0.7,1,2,0.7,0.96171875,0.9625,1,-0.000330831,0.001,0.1,29.3152024
9.5,0.75,1,2,0.7,0.94921875,0.95,1,-0.002584814,0.001,0.1,30.8234209
9.5,0.8,1,2,0.7,0.93671875,0.9375,1,-0.0013046,0.001,0.1,28.3553849
9.5,0.85,1,2,0.7,0.92421875,0.925,1,0.003505465,0.001,0.1,30.4352355
9.5,0.9,1,2,0.7,0.9125,0.91328125,1,-0.000483992,0.001,0.1,29.8927197
9.5,0.95,1,2,0.7,0.90078125,0.9015625,1,0.003502689,0.001,0.1,29.6494234
9.5,1,1,2,0.7,0.88984375,0.890625,1,-0.001671428,0.001,0.1,35.398836
10,0.005,1,2,0.7,1.171875,1.17265625,1,0.004152128,0.001,0.1,33.3939815
10,0.01,1,2,0.7,1.1703125,1.17109375,1,0.001701081,0.001,0.1,31.4998866
10,0.03,1,2,0.7,1.16328125,1.1640625,1,0.001585581,0.001,0.1,33.0811703
10,0.05,1,2,0.7,1.15625,1.15703125,1,0.002082747,0.001,0.1,32.2673797
10,0.075,1,2,0.7,1.14765625,1.1484375,1,0.001804355,0.001,0.1,33.3655728
10,0.1,1,2,0.7,1.1390625,1.13984375,1,0.002309254,0.001,0.1,32.9772025
10,0.15,1,2,0.7,1.12265625,1.1234375,1,-0.001586851,0.001,0.1,32.6696748
10,0.2,1,2,0.7,1.10625,1.10703125,1,-0.001678421,0.001,0.1,32.8762905
10,0.25,1,2,0.7,1.08984375,1.090625,1,0.003946332,0.001,0.1,31.5393258
10,0.3,1,2,0.7,1.07421875,1.075,1,0.004097535,0.001,0.1,32.0499925
10,0.35,1,2,0.7,1.059375,1.06015625,1,-0.001868498,0.001,0.1,32.9704258
10,0.4,1,2,0.7,1.04453125,1.0453125,1,-0.001630534,0.001,0.1,30.8607939
10,0.45,1,2,0.7,1.0296875,1.03046875,1,0.000700927,0.001,0.1,30.8350625
10,0.5,1,2,0.7,1.015625,1.01640625,1,-0.001453389,0.001,0.1,32.2912153
10,0.55,1,2,0.7,1.0015625,1.00234375,1,0.000495201,0.001,0.1,30.0190628
10,0.6,1,2,0.7,0.98828125,0.9890625,1,-0.001846149,0.001,0.1,30.0209047
10,0.65,1,2,0.7,0.975,0.97578125,1,-0.00353481,0.001,0.1,28.6858566
10,0.7,1,2,0.7,0.96171875,0.9625,1,0.002227169,0.001,0.1,30.2924657
10,0.75,1,2,0.7,0.94921875,0.95,1,-0.000152921,0.001,0.1,29.2443904
10,0.8,1,2,0.7,0.93671875,0.9375,1,0.001193605,0.001,0.1,30.4380015
10,0.85,1,2,0.7,0.92421875,0.925,1,0.006262042,0.001,0.1,28.9451505
10,0.9,1,2,0.7,0.9125,0.91328125,1,0.002051774,0.001,0.1,29.4094375
10,0.95,1,2,0.7,0.90078125,0.9015625,1,0.00625183,0.001,0.1,27.642852
10,1,1,2,0.7,0.88984375,0.890625,1,0.000792491,0.001,0.1,25.4388498
11,0.005,1,2,0.7,1.17265625,1.1734375,1,-0.000842805,0.001,0.1,41.8428868
11,0.01,1,2,0.7,1.17109375,1.171875,1,-0.003539728,0.001,0.1,33.826419
11,0.03,1,2,0.7,1.1640625,1.16484375,1,-0.003816144,0.001,0.1,30.3536567
11,0.05,1,2,0.7,1.15703125,1.1578125,1,-0.00305171,0.001,0.1,32.0264354
11,0.075,1,2,0.7,1.1484375,1.14921875,1,-0.003774278,0.001,0.1,33.1897497
11,0.1,1,2,0.7,1.13984375,1.140625,1,-0.002721354,0.001,0.1,32.2821909
11,0.15,1,2,0.7,1.12265625,1.1234375,1,0.002881762,0.001,0.1,34.3355208
11,0.2,1,2,0.7,1.10625,1.10703125,1,0.002782501,0.001,0.1,33.1489859
11,0.25,1,2,0.7,1.090625,1.09140625,1,-0.002205545,0.001,0.1,30.3568631
11,0.3,1,2,0.7,1.075,1.07578125,1,-0.002271021,0.001,0.1,30.1622116
11,0.35,1,2,0.7,1.059375,1.06015625,1,0.002575016,0.001,0.1,31.2494604
11,0.4,1,2,0.7,1.04453125,1.0453125,1,0.002837474,0.001,0.1,31.232427
11,0.45,1,2,0.7,1.03046875,1.03125,1,-0.004016574,0.001,0.1,31.8284874
11,0.5,1,2,0.7,1.015625,1.01640625,1,0.003031473,0.001,0.1,28.9284374
11,0.55,1,2,0.7,1.00234375,1.003125,1,-0.004129142,0.001,0.1,32.4891738
11,0.6,1,2,0.7,0.98828125,0.9890625,1,0.002595256,0.001,0.1,27.7691352
11,0.65,1,2,0.7,0.975,0.97578125,1,0.000730083,0.001,0.1,28.749105
11,0.7,1,2,0.7,0.9625,0.96328125,1,-0.006261172,0.001,0.1,30.2233099
11,0.75,1,2,0.7,0.94921875,0.95,1,0.004457187,0.001,0.1,30.8133417
11,0.8,1,2,0.7,0.93671875,0.9375,1,0.005940259,0.001,0.1,29.9008015
11,0.85,1,2,0.7,0.925,0.92578125,1,-0.002559397,0.001,0.1,28.7885358
11,0.9,1,2,0.7,0.91328125,0.9140625,1,-0.002072871,0.001,0.1,31.6840122
11,0.95,1,2,0.7,0.9015625,0.90234375,1,-0.003076858,0.001,0.1,29.1902967
11,1,1,2,0.7,0.88984375,0.890625,1,0.005485275,0.001,0.1,28.5740414
12,0.005,1,2,0.7,1.17265625,1.1734375,1,0.002928742,0.001,0.1,32.9020461
12,0.01,1,2,0.7,1.17109375,1.171875,1,-2.11E-05,0.001,0.1,34.4160228
12,0.03,1,2,0.7,1.1640625,1.16484375,1,-0.000320282,0.001,0.1,31.0622337
12,0.05,1,2,0.7,1.15703125,1.1578125,1,0.000519132,0.001,0.1,34.2613468
12,0.075,1,2,0.7,1.1484375,1.14921875,1,-0.000267677,0.001,0.1,34.0606614
12,0.1,1,2,0.7,1.13984375,1.140625,1,0.000887782,0.001,0.1,33.4180301
12,0.15,1,2,0.7,1.1234375,1.12421875,1,-0.004720858,0.001,0.1,32.7942618
12,0.2,1,2,0.7,1.10703125,1.1078125,1,-0.003748861,0.001,0.1,33.2146351
12,0.25,1,2,0.7,1.090625,1.09140625,1,0.001470105,0.001,0.1,31.1745592
12,0.3,1,2,0.7,1.075,1.07578125,1,0.001403396,0.001,0.1,33.3875776
12,0.35,1,2,0.7,1.06015625,1.0609375,1,-0.003738691,0.001,0.1,30.8378294
12,0.4,1,2,0.7,1.0453125,1.04609375,1,-0.006016977,0.001,0.1,31.060142
12,0.45,1,2,0.7,1.03046875,1.03125,1,-0.000494044,0.001,0.1,32.5288947
12,0.5,1,2,0.7,1.01640625,1.0171875,1,-0.00302729,0.001,0.1,30.0283785
12,0.55,1,2,0.7,1.00234375,1.003125,1,-0.000611132,0.001,0.1,39.3851611
12,0.6,1,2,0.7,0.98828125,0.9890625,1,0.006746571,0.001,0.1,30.1550476
12,0.65,1,2,0.7,0.975,0.97578125,1,0.004708535,0.001,0.1,29.1925768
12,0.7,1,2,0.7,0.9625,0.96328125,1,-0.002936521,0.001,0.1,30.0266414
12,0.75,1,2,0.7,0.95,0.95078125,1,-0.006078,0.001,0.1,29.7360891
12,0.8,1,2,0.7,0.9375,0.93828125,1,-0.00472496,0.001,0.1,29.8517859
12,0.85,1,2,0.7,0.925,0.92578125,1,0.001116327,0.001,0.1,28.4018539
12,0.9,1,2,0.7,0.91328125,0.9140625,1,0.001649277,0.001,0.1,28.2567556
12,0.95,1,2,0.7,0.9015625,0.90234375,1,0.00055186,0.001,0.1,37.807647
12,1,1,2,0.7,0.890625,0.89140625,1,-0.006311772,0.001,0.1,27.3353373
13,0.005,1,2,0.7,1.1734375,1.17421875,1,-0.0055409,0.001,0.1,34.134655
13,0.01,1,2,0.7,1.17109375,1.171875,1,0.003234501,0.001,0.1,33.2383237
13,0.03,1,2,0.7,1.1640625,1.16484375,1,0.002913647,0.001,0.1,32.3626844
13,0.05,1,2,0.7,1.15703125,1.1578125,1,0.00382923,0.001,0.1,33.6517524
13,0.075,1,2,0.7,1.1484375,1.14921875,1,0.002979602,0.001,0.1,32.3290405
13,0.1,1,2,0.7,1.13984375,1.140625,1,0.004239072,0.001,0.1,33.6393557
13,0.15,1,2,0.7,1.1234375,1.12421875,1,-0.001842786,0.001,0.1,33.0297892
13,0.2,1,2,0.7,1.10703125,1.1078125,1,-0.000778871,0.001,0.1,33.0601455
13,0.25,1,2,0.7,1.090625,1.09140625,1,0.004896384,0.001,0.1,31.2031229
13,0.3,1,2,0.7,1.075,1.07578125,1,0.004831186,0.001,0.1,32.3075514
13,0.35,1,2,0.7,1.06015625,1.0609375,1,-0.000745811,0.001,0.1,30.941843
13,0.4,1,2,0.7,1.0453125,1.04609375,1,-0.0032133,0.001,0.1,32.4568036
13,0.45,1,2,0.7,1.03046875,1.03125,1,0.002789775,0.001,0.1,31.734584
13,0.5,1,2,0.7,1.01640625,1.0171875,1,4.46E-05,0.001,0.1,33.6374593
13,0.55,1,2,0.7,1.00234375,1.003125,1,0.002673315,0.001,0.1,33.3246516
13,0.6,1,2,0.7,0.9890625,0.98984375,1,-0.004604231,0.001,0.1,31.2242815
13,0.65,1,2,0.7,0.97578125,0.9765625,1,-0.002467252,0.001,0.1,30.2053876
13,0.7,1,2,0.7,0.9625,0.96328125,1,0.000161938,0.001,0.1,30.8991386
13,0.75,1,2,0.7,0.95,0.95078125,1,-0.003245073,0.001,0.1,30.8004712
13,0.8,1,2,0.7,0.9375,0.93828125,1,-0.001772333,0.001,0.1,31.2383156
13,0.85,1,2,0.7,0.925,0.92578125,1,0.004573191,0.001,0.1,29.9834494
13,0.9,1,2,0.7,0.91328125,0.9140625,1,0.005154862,0.001,0.1,28.6081662
13,0.95,1,2,0.7,0.9015625,0.90234375,1,0.003966268,0.001,0.1,30.8544191
13,1,1,2,0.7,0.890625,0.89140625,1,-0.003482969,0.001,0.1,28.5070981
14,0.005,1,2,0.7,1.1734375,1.17421875,1,-0.003190194,0.001,0.1,32.9460423
14,0.01,1,2,0.7,1.17109375,1.171875,1,0.006281609,0.001,0.1,32.2779567
14,0.03,1,2,0.7,1.1640625,1.16484375,1,0.005939896,0.001,0.1,33.9654545
14,0.05,1,2,0.7,1.1578125,1.15859375,1,-0.00625209,0.001,0.1,34.3772162
14,0.075,1,2,0.7,1.1484375,1.14921875,1,0.006020965,0.001,0.1,32.3303284
14,0.1,1,2,0.7,1.140625,1.14140625,1,-0.006087729,0.001,0.1,32.579129
14,0.15,1,2,0.7,1.1234375,1.12421875,1,0.000832137,0.001,0.1,33.688422
14,0.2,1,2,0.7,1.10703125,1.1078125,1,0.001989891,0.001,0.1,31.9102555
14,0.25,1,2,0.7,1.09140625,1.0921875,1,-0.004290792,0.001,0.1,32.8269519
14,0.3,1,2,0.7,1.07578125,1.0765625,1,-0.004265298,0.001,0.1,30.334975
14,0.35,1,2,0.7,1.06015625,1.0609375,1,0.002051397,0.001,0.1,36.6223683
14,0.4,1,2,0.7,1.0453125,1.04609375,1,-0.000603556,0.001,0.1,31.4692135
14,0.45,1,2,0.7,1.03046875,1.03125,1,0.005881619,0.001,0.1,31.9211049
14,0.5,1,2,0.7,1.01640625,1.0171875,1,0.002926189,0.001,0.1,33.3387751
14,0.55,1,2,0.7,1.00234375,1.003125,1,0.005769276,0.001,0.1,31.3352699
14,0.6,1,2,0.7,0.9890625,0.98984375,1,-0.002077454,0.001,0.1,30.7828123
14,0.65,1,2,0.7,0.97578125,0.9765625,1,0.000234286,0.001,0.1,30.8480064
14,0.7,1,2,0.7,0.9625,0.96328125,1,0.003076901,0.001,0.1,29.6471951
14,0.75,1,2,0.7,0.95,0.95078125,1,-0.000594126,0.001,0.1,31.164244
14,0.8,1,2,0.7,0.9375,0.93828125,1,0.000999981,0.001,0.1,30.7099965
14,0.85,1,2,0.7,0.92578125,0.9265625,1,-0.003679954,0.001,0.1,29.8627661
14,0.9,1,2,0.7,0.91328125,0.9140625,1,0.008483525,0.001,0.1,34.5733736
14,0.95,1,2,0.7,0.90234375,0.903125,1,-0.004208423,0.001,0.1,29.4506027
14,1,1,2,0.7,0.890625,0.89140625,1,-0.000828329,0.001,0.1,29.8815827
15,0.005,1,2,0.7,1.1734375,1.17421875,1,-0.001007765,0.001,0.1,34.2457568
15,0.01,1,2,0.7,1.171875,1.17265625,1,-0.00474593,0.001,0.1,33.7044587
15,0.03,1,2,0.7,1.16484375,1.165625,1,-0.004979468,0.001,0.1,32.9046121
15,0.05,1,2,0.7,1.1578125,1.15859375,1,-0.004283698,0.001,0.1,33.7075353
15,0.075,1,2,0.7,1.14921875,1.15,1,-0.004783719,0.001,0.1,33.1558283
15,0.1,1,2,0.7,1.140625,1.14140625,1,-0.004095845,0.001,0.1,34.2368209
15,0.15,1,2,0.7,1.1234375,1.12421875,1,0.00334274,0.001,0.1,32.8829047
15,0.2,1,2,0.7,1.10703125,1.1078125,1,0.004595665,0.001,0.1,33.7364844
15,0.25,1,2,0.7,1.09140625,1.0921875,1,-0.002136092,0.001,0.1,31.7851082
15,0.3,1,2,0.7,1.07578125,1.0765625,1,-0.002099406,0.001,0.1,31.1851924
15,0.35,1,2,0.7,1.06015625,1.0609375,1,0.004689461,0.001,0.1,31.5832859
15,0.4,1,2,0.7,1.0453125,1.04609375,1,0.001848239,0.001,0.1,31.8154645
15,0.45,1,2,0.7,1.03125,1.03203125,1,-0.00787886,0.001,0.1,31.6386828
15,0.5,1,2,0.7,1.01640625,1.0171875,1,0.005652355,0.001,0.1,32.2030002
15,0.55,1,2,0.7,1.003125,1.00390625,1,-0.008642022,0.001,0.1,32.1436571
15,0.6,1,2,0.7,0.9890625,0.98984375,1,0.000296175,0.001,0.1,30.0489016
15,0.65,1,2,0.7,0.97578125,0.9765625,1,0.002783892,0.001,0.1,30.2568769
15,0.7,1,2,0.7,0.9625,0.96328125,1,0.005841172,0.001,0.1,31.9673276
15,0.75,1,2,0.7,0.95,0.95078125,1,0.001907171,0.001,0.1,31.9355407
15,0.8,1,2,0.7,0.9375,0.93828125,1,0.003623808,0.001,0.1,30.1004207
15,0.85,1,2,0.7,0.92578125,0.9265625,1,-0.001393533,0.001,0.1,31.2809298
15,0.9,1,2,0.7,0.9140625,0.91484375,1,-0.008045166,0.001,0.1,29.3676545
15,0.95,1,2,0.7,0.90234375,0.903125,1,-0.001950403,0.001,0.1,30.4087554
15,1,1,2,0.7,0.890625,0.89140625,1,0.0016821,0.001,0.1,27.3057672
16,0.005,1,2,0.7,1.1734375,1.17421875,1,0.0010371,0.001,0.1,32.3363472
16,0.01,1,2,0.7,1.171875,1.17265625,1,-0.002955591,0.001,0.1,32.4197942
16,0.03,1,2,0.7,1.16484375,1.165625,1,-0.00320023,0.001,0.1,31.2082882
16,0.05,1,2,0.7,1.1578125,1.15859375,1,-0.002452066,0.001,0.1,35.1964756
16,0.075,1,2,0.7,1.14921875,1.15,1,-0.002980444,0.001,0.1,30.4393135
16,0.1,1,2,0.7,1.140625,1.14140625,1,-0.002239785,0.001,0.1,34.5491903
16,0.15,1,2,0.7,1.1234375,1.12421875,1,0.005718555,0.001,0.1,32.3323556
16,0.2,1,2,0.7,1.10703125,1.1078125,1,0.007067587,0.001,0.1,34.9216082
16,0.25,1,2,0.7,1.09140625,1.0921875,1,-0.000114446,0.001,0.1,31.667217
16,0.3,1,2,0.7,1.07578125,1.0765625,1,-6.57E-05,0.001,0.1,32.3251122
16,0.35,1,2,0.7,1.06015625,1.0609375,1,0.007196367,0.001,0.1,30.8397036
16,0.4,1,2,0.7,1.0453125,1.04609375,1,0.004169708,0.001,0.1,31.6932957
16,0.45,1,2,0.7,1.03125,1.03203125,1,-0.006213738,0.001,0.1,32.3349047
16,0.5,1,2,0.7,1.01640625,1.0171875,1,0.008249978,0.001,0.1,32.6520347
16,0.55,1,2,0.7,1.003125,1.00390625,1,-0.007013285,0.001,0.1,31.4834232
16,0.6,1,2,0.7,0.9890625,0.98984375,1,0.002542844,0.001,0.1,31.1858904
16,0.65,1,2,0.7,0.97578125,0.9765625,1,0.0052074,0.001,0.1,29.5082435
16,0.7,1,2,0.7,0.96328125,0.9640625,1,-0.004959681,0.001,0.1,30.4966072
16,0.75,1,2,0.7,0.95,0.95078125,1,0.00428397,0.001,0.1,30.8661834
16,0.8,1,2,0.7,0.9375,0.93828125,1,0.006123962,0.001,0.1,29.5492559
16,0.85,1,2,0.7,0.92578125,0.9265625,1,0.000769875,0.001,0.1,30.7036034
16,0.9,1,2,0.7,0.9140625,0.91484375,1,-0.006330075,0.001,0.1,30.2861966
16,0.95,1,2,0.7,0.90234375,0.903125,1,0.00018611,0.001,0.1,31.2722045
16,1,1,2,0.7,0.890625,0.89140625,1,0.004071861,0.001,0.1,28.7825396
17,0.005,1,2,0.7,1.1734375,1.17421875,1,0.002968071,0.001,0.1,33.1472127
17,0.01,1,2,0.7,1.171875,1.17265625,1,-0.001279121,0.001,0.1,34.39067
17,0.03,1,2,0.7,1.16484375,1.165625,1,-0.00153459,0.001,0.1,32.9880716
17,0.05,1,2,0.7,1.1578125,1.15859375,1,-0.000733754,0.001,0.1,34.5012864
17,0.075,1,2,0.7,1.14921875,1.15,1,-0.001290158,0.001,0.1,32.51702
17,0.1,1,2,0.7,1.140625,1.14140625,1,-0.000496369,0.001,0.1,33.3991528
17,0.15,1,2,0.7,1.12421875,1.125,1,-0.007389776,0.001,0.1,34.2659618
17,0.2,1,2,0.7,1.1078125,1.10859375,1,-0.007723815,0.001,0.1,33.6524178
17,0.25,1,2,0.7,1.09140625,1.0921875,1,0.001796563,0.001,0.1,32.219597
17,0.3,1,2,0.7,1.07578125,1.0765625,1,0.001858072,0.001,0.1,29.7647372
17,0.35,1,2,0.7,1.0609375,1.06171875,1,-0.008645577,0.001,0.1,31.5160305
17,0.4,1,2,0.7,1.0453125,1.04609375,1,0.006382522,0.001,0.1,30.4982025
17,0.45,1,2,0.7,1.03125,1.03203125,1,-0.004656791,0.001,0.1,29.4981819
17,0.5,1,2,0.7,1.0171875,1.01796875,1,-0.008609006,0.001,0.1,31.6274131
17,0.55,1,2,0.7,1.003125,1.00390625,1,-0.005491511,0.001,0.1,32.6182323
17,0.6,1,2,0.7,0.9890625,0.98984375,1,0.004683294,0.001,0.1,31.180052
17,0.65,1,2,0.7,0.97578125,0.9765625,1,0.007525318,0.001,0.1,28.3025206
17,0.7,1,2,0.7,0.96328125,0.9640625,1,-0.003285035,0.001,0.1,27.7710222
17,0.75,1,2,0.7,0.95,0.95078125,1,0.00655634,0.001,0.1,28.1255525
17,0.8,1,2,0.7,0.93828125,0.9390625,1,-0.005621062,0.001,0.1,29.1232487
17,0.85,1,2,0.7,0.92578125,0.9265625,1,0.002829925,0.001,0.1,27.5578718
17,0.9,1,2,0.7,0.9140625,0.91484375,1,-0.004717898,0.001,0.1,28.5931278
17,0.95,1,2,0.7,0.90234375,0.903125,1,0.002220357,0.001,0.1,28.3799353
17,1,1,2,0.7,0.890625,0.89140625,1,0.006359972,0.001,0.1,26.5202066
18,0.005,1,2,0.7,1.1734375,1.17421875,1,0.00480368,0.001,0.1,31.5337006
18,0.01,1,2,0.7,1.171875,1.17265625,1,0.000301999,0.001,0.1,32.2296442
18,0.03,1,2,0.7,1.16484375,1.165625,1,3.59E-05,0.001,0.1,31.1036875
18,0.05,1,2,0.7,1.1578125,1.15859375,1,0.0008896,0.001,0.1,32.0813577
18,0.075,1,2,0.7,1.14921875,1.15,1,0.000305405,0.001,0.1,30.5728709
18,0.1,1,2,0.7,1.140625,1.14140625,1,0.001152571,0.001,0.1,31.3102705
18,0.15,1,2,0.7,1.12421875,1.125,1,-0.006144885,0.001,0.1,30.7477514
18,0.2,1,2,0.7,1.1078125,1.10859375,1,-0.006488591,0.001,0.1,31.2947071
18,0.25,1,2,0.7,1.09140625,1.0921875,1,0.003614532,0.001,0.1,29.2674842
18,0.3,1,2,0.7,1.07578125,1.0765625,1,0.00368924,0.001,0.1,30.1672298
18,0.35,1,2,0.7,1.0609375,1.06171875,1,-0.007437075,0.001,0.1,29.6229604
18,0.4,1,2,0.7,1.04609375,1.046875,1,-0.007225247,0.001,0.1,29.6947355
18,0.45,1,2,0.7,1.03125,1.03203125,1,-0.00319113,0.001,0.1,29.516148
18,0.5,1,2,0.7,1.0171875,1.01796875,1,-0.007372906,0.001,0.1,29.0289057
18,0.55,1,2,0.7,1.003125,1.00390625,1,-0.004060154,0.001,0.1,30.7966162
18,0.6,1,2,0.7,0.9890625,0.98984375,1,0.00673388,0.001,0.1,28.7666864
18,0.65,1,2,0.7,0.97578125,0.9765625,1,0.009753833,0.001,0.1,36.6563198
18,0.7,1,2,0.7,0.96328125,0.9640625,1,-0.001699505,0.001,0.1,28.6943023
18,0.75,1,2,0.7,0.95078125,0.9515625,1,-0.006333543,0.001,0.1,28.2407389
18,0.8,1,2,0.7,0.93828125,0.9390625,1,-0.004162878,0.001,0.1,29.0001197
18,0.85,1,2,0.7,0.92578125,0.9265625,1,0.004802172,0.001,0.1,28.820587
18,0.9,1,2,0.7,0.9140625,0.91484375,1,-0.003193218,0.001,0.1,28.3344567
18,0.95,1,2,0.7,0.90234375,0.903125,1,0.004167591,0.001,0.1,29.2611676
18,1,1,2,0.7,0.89140625,0.8921875,1,-0.006123445,0.001,0.1,26.6449177
19,0.005,1,2,0.7,1.1734375,1.17421875,1,0.006558644,0.001,0.1,31.4759971
19,0.01,1,2,0.7,1.171875,1.17265625,1,0.001802481,0.001,0.1,31.8757247
19,0.03,1,2,0.7,1.16484375,1.165625,1,0.001525868,0.001,0.1,32.33862
19,0.05,1,2,0.7,1.1578125,1.15859375,1,0.002432592,0.001,0.1,29.6968551
19,0.075,1,2,0.7,1.14921875,1.15,1,0.001820771,0.001,0.1,30.3375786
19,0.1,1,2,0.7,1.140625,1.14140625,1,0.002721489,0.001,0.1,29.9431314
19,0.15,1,2,0.7,1.12421875,1.125,1,-0.004979733,0.001,0.1,31.052891
19,0.2,1,2,0.7,1.1078125,1.10859375,1,-0.005332776,0.001,0.1,30.2548376
19,0.25,1,2,0.7,1.09140625,1.0921875,1,0.005353501,0.001,0.1,32.0150237
19,0.3,1,2,0.7,1.07578125,1.0765625,1,0.005441738,0.001,0.1,27.9542579
19,0.35,1,2,0.7,1.0609375,1.06171875,1,-0.00630701,0.001,0.1,30.5303799
19,0.4,1,2,0.7,1.04609375,1.046875,1,-0.006074579,0.001,0.1,30.8783406
19,0.45,1,2,0.7,1.03125,1.03203125,1,-0.001803229,0.001,0.1,30.9403519
19,0.5,1,2,0.7,1.0171875,1.01796875,1,-0.00621429,0.001,0.1,30.9803371
19,0.55,1,2,0.7,1.003125,1.00390625,1,-0.002705938,0.001,0.1,29.7254877
19,0.6,1,2,0.7,0.98984375,0.990625,1,-0.007499053,0.001,0.1,28.2704681
19,0.65,1,2,0.7,0.9765625,0.97734375,1,-0.011034354,0.001,0.1,27.4847887
19,0.7,1,2,0.7,0.96328125,0.9640625,1,-0.000190181,0.001,0.1,27.8278914
19,0.75,1,2,0.7,0.95078125,0.9515625,1,-0.005080442,0.001,0.1,28.9324207
19,0.8,1,2,0.7,0.93828125,0.9390625,1,-0.002780334,0.001,0.1,27.2157968
19,0.85,1,2,0.7,0.92578125,0.9265625,1,0.006699163,0.001,0.1,29.0569533
19,0.9,1,2,0.7,0.9140625,0.91484375,1,-0.001743586,0.001,0.1,28.0399674
19,0.95,1,2,0.7,0.90234375,0.903125,1,0.006040134,0.001,0.1,31.5360436
19,1,1,2,0.7,0.89140625,0.8921875,1,-0.004828825,0.001,0.1,26.7805682
20,0.005,1,2,0.7,1.1734375,1.17421875,1,0.008244803,0.001,0.1,33.4687411
20,0.01,1,2,0.7,1.171875,1.17265625,1,0.003234158,0.001,0.1,31.3406417
20,0.03,1,2,0.7,1.16484375,1.165625,1,0.002947142,0.001,0.1,33.7147724
20,0.05,1,2,0.7,1.1578125,1.15859375,1,0.003906988,0.001,0.1,33.2619818
20,0.075,1,2,0.7,1.14921875,1.15,1,0.003267665,0.001,0.1,32.6302859
20,0.1,1,2,0.7,1.140625,1.14140625,1,0.004222068,0.001,0.1,32.5187561
20,0.15,1,2,0.7,1.12421875,1.125,1,-0.003882713,0.001,0.1,29.8499972
20,0.2,1,2,0.7,1.1078125,1.10859375,1,-0.004244846,0.001,0.1,33.8563643
20,0.25,1,2,0.7,1.09140625,1.0921875,1,0.0070249,0.001,0.1,29.357748
20,0.3,1,2,0.7,1.07578125,1.0765625,1,0.007126915,0.001,0.1,29.275329
20,0.35,1,2,0.7,1.0609375,1.06171875,1,-0.005244099,0.001,0.1,31.0758945
20,0.4,1,2,0.7,1.04609375,1.046875,1,-0.004990824,0.001,0.1,30.2872309
20,0.45,1,2,0.7,1.03125,1.03203125,1,-0.00048197,0.001,0.1,31.0745288
20,0.5,1,2,0.7,1.0171875,1.01796875,1,-0.005122112,0.001,0.1,31.2713414
20,0.55,1,2,0.7,1.003125,1.00390625,1,-0.001417899,0.001,0.1,30.5373576
20,0.6,1,2,0.7,0.98984375,0.990625,1,-0.006461196,0.001,0.1,28.4108941
20,0.65,1,2,0.7,0.9765625,0.97734375,1,-0.010179247,0.001,0.1,27.6775823
20,0.7,1,2,0.7,0.96328125,0.9640625,1,0.001253671,0.001,0.1,29.3209626
20,0.75,1,2,0.7,0.95078125,0.9515625,1,-0.003892626,0.001,0.1,29.4240436
20,0.8,1,2,0.7,0.93828125,0.9390625,1,-0.001462836,0.001,0.1,27.1709395
20,0.85,1,2,0.7,0.92578125,0.9265625,1,0.008531408,0.001,0.1,29.1181105
20,0.9,1,2,0.7,0.9140625,0.91484375,1,-0.000358553,0.001,0.1,28.2498523
20,0.95,1,2,0.7,0.90234375,0.903125,1,0.007848358,0.001,0.1,28.3498463
20,1,1,2,0.7,0.89140625,0.8921875,1,-0.00359841,0.001,0.1,27.5485677
